dataset,poster_path,text_prompt,parser_counts_json,parser_positions_json,audit_status,manual_counts_json,manual_positions_json,notes
pku,2214.png,"Create a poster with large title text at top-center, two text boxes at middle-center, and a small logo at bottom-left.","{""Logo"": 1, ""Text"": 3, ""Underlay"": 0}","{""Logo"": [""bottom-left""], ""Text"": [""top-center"", ""middle-center"", ""middle-center""]}",accepted,"{""Logo"": 1, ""Text"": 3, ""Underlay"": 0}","{""Logo"": [""bottom-left""], ""Text"": [""top-center"", ""middle-center"", ""middle-center""]}",
pku,3936.png,"Create a festive workspace poster with bold title text at top-center, supporting text at bottom-center, and a small logo at bottom-right.","{""Logo"": 1, ""Text"": 2, ""Underlay"": 0}","{""Logo"": [""bottom-right""], ""Text"": [""top-center"", ""bottom-center""]}",accepted,"{""Logo"": 1, ""Text"": 2, ""Underlay"": 0}","{""Logo"": [""bottom-right""], ""Text"": [""top-center"", ""bottom-center""]}",
pku,5856.png,"Create a bold streetwear poster with title text at top-center, promotional text at bottom-center, price text on a panel at bottom-left, and a logo at top-right.","{""Logo"": 1, ""Text"": 2, ""Underlay"": 1}","{""Logo"": [""top-right""], ""Text"": [""top-center"", ""bottom-center""], ""Underlay"": [""bottom-left""]}",corrected,"{""Logo"":1,""Text"":3,""Underlay"":1}","{""Logo"":[""top-right""],""Text"":[""top-center"",""bottom-center"",""bottom-left""],""Underlay"":[""bottom-left""]}",
pku,9778.png,"Create a light airy sneaker poster with bold title text at top-left, short caption text at middle-left, and a small logo at top-right, keeping the shoe unobstructed.","{""Logo"": 1, ""Text"": 2, ""Underlay"": 0}","{""Logo"": [""top-right""], ""Text"": [""top-left"", ""middle-left""]}",accepted,"{""Logo"": 1, ""Text"": 2, ""Underlay"": 0}","{""Logo"": [""top-right""], ""Text"": [""top-left"", ""middle-left""]}",
pku,5917.png,"Create a lifestyle apparel poster with bold title text at top-left, short caption text at middle-left, and a small logo at top-right, keeping the model unobstructed.","{""Logo"": 1, ""Text"": 2, ""Underlay"": 0}","{""Logo"": [""top-right""], ""Text"": [""top-left"", ""middle-left""]}",accepted,"{""Logo"": 1, ""Text"": 2, ""Underlay"": 0}","{""Logo"": [""top-right""], ""Text"": [""top-left"", ""middle-left""]}",
pku,7057.png,"Create a clean fashion poster with minimal title text at top-right, short descriptive text at middle-right, and a small brand mark at top-left, keeping the blazer unobstructed.","{""Logo"": 1, ""Text"": 2, ""Underlay"": 0}","{""Logo"": [""top-left""], ""Text"": [""top-right"", ""middle-right""]}",accepted,"{""Logo"": 1, ""Text"": 2, ""Underlay"": 0}","{""Logo"": [""top-left""], ""Text"": [""top-right"", ""middle-right""]}",
pku,8913.png,"Create an elegant accessories poster with refined title text at top-center, two short text lines at middle-center, and a logo at top-left, keeping the belt unobstructed.","{""Logo"": 1, ""Text"": 3, ""Underlay"": 0}","{""Logo"": [""top-left""], ""Text"": [""middle-center"", ""middle-center"", ""top-center""]}",accepted,"{""Logo"": 1, ""Text"": 3, ""Underlay"": 0}","{""Logo"": [""top-left""], ""Text"": [""middle-center"", ""middle-center"", ""top-center""]}",
pku,9784.png,"Create a dental-care promotion with large title text at top-center, two benefit text boxes at top-left and top-right, and a logo at top-right.","{""Logo"": 1, ""Text"": 3, ""Underlay"": 0}","{""Logo"": [""top-right""], ""Text"": [""top-center"", ""top-left"", ""top-right""]}",accepted,"{""Logo"": 1, ""Text"": 3, ""Underlay"": 0}","{""Logo"": [""top-right""], ""Text"": [""top-center"", ""top-left"", ""top-right""]}",
pku,2017.png,"Create a modern storage poster with large title text at top-center, three icon-and-text features at top-left, top-center, and top-right, and a logo at top-left.","{""Logo"": 4, ""Text"": 4, ""Underlay"": 0}","{""Logo"": [""top-left""], ""Text"": [""top-center"", ""top-left"", ""top-center"", ""top-right""]}",corrected,"{""Logo"":4,""Text"":4,""Underlay"":0}","{""Logo"":[""top-left"",""top-center"",""top-right"",""top-left""],""Text"":[""top-center"",""top-left"",""top-center"",""top-right""]}",
pku,9136.png,"Create a luxury footwear poster with large title text at top-center, supporting text at middle-center, and a small logo at top-left, leaving both shoes fully visible.","{""Logo"": 1, ""Text"": 2, ""Underlay"": 0}","{""Logo"": [""top-left""], ""Text"": [""top-center"", ""middle-center""]}",accepted,"{""Logo"": 1, ""Text"": 2, ""Underlay"": 0}","{""Logo"": [""top-left""], ""Text"": [""top-center"", ""middle-center""]}",
pku,3043.png,"Create a clean apparel poster with bold title text at top-center, short feature text at middle-center, and a small brand logo at top-left, keeping the polo shirt unobstructed.","{""Logo"": 1, ""Text"": 2, ""Underlay"": 0}","{""Logo"": [""top-left""], ""Text"": [""top-center"", ""middle-center""]}",accepted,"{""Logo"": 1, ""Text"": 2, ""Underlay"": 0}","{""Logo"": [""top-left""], ""Text"": [""top-center"", ""middle-center""]}",
pku,921.png,"Create a comfortable bedding poster with bold title text at top-right, two short benefit text blocks at middle-right, and a small logo at top-left.","{""Logo"": 1, ""Text"": 3, ""Underlay"": 0}","{""Logo"": [""top-left""], ""Text"": [""middle-right"", ""middle-right"", ""top-right""]}",accepted,"{""Logo"": 1, ""Text"": 3, ""Underlay"": 0}","{""Logo"": [""top-left""], ""Text"": [""middle-right"", ""middle-right"", ""top-right""]}",
pku,6672.png,"Create a playful pink-themed children's dancewear poster with title text at top-right, circle underlays at top-left, middle-center, and bottom-right, and a small logo at bottom-left, keeping the model unobstructed.","{""Logo"": 1, ""Text"": 1, ""Underlay"": 3}","{""Logo"": [""bottom-left""], ""Text"": [""top-right""], ""Underlay"": [""top-left"", ""middle-center"", ""bottom-right""]}",accepted,"{""Logo"": 1, ""Text"": 1, ""Underlay"": 3}","{""Logo"": [""bottom-left""], ""Text"": [""top-right""], ""Underlay"": [""top-left"", ""middle-center"", ""bottom-right""]}",
pku,6875.png,"Create a cheerful pink children's sleepwear poster with title text at top-right, short text at middle-right, and a small logo at top-left, keeping the garments unobstructed.","{""Logo"": 1, ""Text"": 2, ""Underlay"": 0}","{""Logo"": [""top-left""], ""Text"": [""top-right"", ""middle-right""]}",accepted,"{""Logo"": 1, ""Text"": 2, ""Underlay"": 0}","{""Logo"": [""top-left""], ""Text"": [""top-right"", ""middle-right""]}",
pku,627.png,"Create a modern activewear poster with bold title text at top-left, feature text at middle-left, and a logo at top-right, keeping the shorts and model unobstructed.","{""Logo"": 1, ""Text"": 2, ""Underlay"": 0}","{""Logo"": [""top-right""], ""Text"": [""top-left"", ""middle-left""]}",accepted,"{""Logo"": 1, ""Text"": 2, ""Underlay"": 0}","{""Logo"": [""top-right""], ""Text"": [""top-left"", ""middle-left""]}",
pku,4978.png,"Create a delicate lingerie poster with elegant title text at middle-center, supporting text at bottom-center, and a small logo at bottom-right, avoiding both garments.","{""Logo"": 1, ""Text"": 2, ""Underlay"": 0}","{""Logo"": [""bottom-right""], ""Text"": [""middle-center"", ""bottom-center""]}",accepted,"{""Logo"": 1, ""Text"": 2, ""Underlay"": 0}","{""Logo"": [""bottom-right""], ""Text"": [""middle-center"", ""bottom-center""]}",
pku,8257.png,"Create a clean backpack poster with bold title text at top-center, short feature text at middle-center, and a logo at bottom-right, leaving both backpacks unobstructed.","{""Logo"": 1, ""Text"": 2, ""Underlay"": 0}","{""Logo"": [""bottom-right""], ""Text"": [""top-center"", ""middle-center""]}",accepted,"{""Logo"": 1, ""Text"": 2, ""Underlay"": 0}","{""Logo"": [""bottom-right""], ""Text"": [""top-center"", ""middle-center""]}",
pku,6370.png,"Create a warm furniture poster with bold title text at top-right, supporting text at middle-right, and a small logo at top-left, keeping the sofa unobstructed.","{""Logo"": 1, ""Text"": 2, ""Underlay"": 0}","{""Logo"": [""top-left""], ""Text"": [""top-right"", ""middle-right""]}",accepted,"{""Logo"": 1, ""Text"": 2, ""Underlay"": 0}","{""Logo"": [""top-left""], ""Text"": [""top-right"", ""middle-right""]}",
pku,6171.png,"Create a cute baby-accessories poster with title text at top-right, short text at middle-right, and a small logo at top-left, keeping the child and hat unobstructed.","{""Logo"": 1, ""Text"": 2, ""Underlay"": 0}","{""Logo"": [""top-left""], ""Text"": [""top-right"", ""middle-right""]}",accepted,"{""Logo"": 1, ""Text"": 2, ""Underlay"": 0}","{""Logo"": [""top-left""], ""Text"": [""top-right"", ""middle-right""]}",
pku,8790.png,"Create a rustic restaurant-branded packaging poster with title text at top-left, short descriptive text at middle-left, and a plant icon at bottom-left, keeping the boxes unobstructed.","{""Logo"": 1, ""Text"": 2, ""Underlay"": 0}","{""Logo"": [""bottom-left""], ""Text"": [""top-left"", ""middle-left""]}",accepted,"{""Logo"": 1, ""Text"": 2, ""Underlay"": 0}","{""Logo"": [""bottom-left""], ""Text"": [""top-left"", ""middle-left""]}",
pku,7713.png,"Create a warm nursery-organization poster with bold title text at top-right, short feature text at middle-right, and a small logo at top-left, keeping the storage cart unobstructed.","{""Logo"": 1, ""Text"": 2, ""Underlay"": 0}","{""Logo"": [""top-left""], ""Text"": [""top-right"", ""middle-right""]}",accepted,"{""Logo"": 1, ""Text"": 2, ""Underlay"": 0}","{""Logo"": [""top-left""], ""Text"": [""top-right"", ""middle-right""]}",
pku,822.png,"Create a minimalist skincare poster with bold title text at top-left, short benefit text at top-right, and a logo at top-center, leaving the bottle completely clear.","{""Logo"": 1, ""Text"": 2, ""Underlay"": 0}","{""Logo"": [""top-center""], ""Text"": [""top-left"", ""top-right""]}",accepted,"{""Logo"": 1, ""Text"": 2, ""Underlay"": 0}","{""Logo"": [""top-center""], ""Text"": [""top-left"", ""top-right""]}",
pku,814.png,"Create a premium body-spray poster with large title text at top-center, two benefit text lines at middle-center, a feature icon, and a logo at top-left.","{""Logo"": 1, ""Text"": 3, ""Underlay"": 0}","{""Logo"": [""top-left""], ""Text"": [""middle-center"", ""middle-center"", ""top-center""]}",exclude,"{""Logo"": 1, ""Text"": 3, ""Underlay"": 0}","{""Logo"": [""top-left""], ""Text"": [""middle-center"", ""middle-center"", ""top-center""]}",
pku,5723.png,"Create a vibrant orange sportswear poster with bold title text at top-center, short feature text at middle-center, and a small logo at bottom-left, keeping the pants unobstructed.","{""Logo"": 1, ""Text"": 2, ""Underlay"": 0}","{""Logo"": [""bottom-left""], ""Text"": [""top-center"", ""middle-center""]}",accepted,"{""Logo"": 1, ""Text"": 2, ""Underlay"": 0}","{""Logo"": [""bottom-left""], ""Text"": [""top-center"", ""middle-center""]}",
pku,7987.png,"Create an elegant dark-green home-decor poster with title text at top-center, short caption text at bottom-center, and a small logo at top-left, keeping the lamps unobstructed.","{""Logo"": 1, ""Text"": 2, ""Underlay"": 0}","{""Logo"": [""top-left""], ""Text"": [""top-center"", ""bottom-center""]}",accepted,"{""Logo"": 1, ""Text"": 2, ""Underlay"": 0}","{""Logo"": [""top-left""], ""Text"": [""top-center"", ""bottom-center""]}",
pku,8183.png,"Create a flavorful food poster with bold title text at top-center, supporting text at middle-center, an icon at top-right, and a small logo at top-left.","{""Logo"": 2, ""Text"": 2, ""Underlay"": 0}","{""Logo"": [""top-left"", ""top-right""], ""Text"": [""top-center"", ""middle-center""]}",accepted,"{""Logo"": 2, ""Text"": 2, ""Underlay"": 0}","{""Logo"": [""top-left"", ""top-right""], ""Text"": [""top-center"", ""middle-center""]}",
pku,6475.png,"Create a gourmet food poster with large title text at top-center, supporting text at middle-center, and a small logo at top-right, keeping the dish and ingredient bowl unobstructed.","{""Logo"": 1, ""Text"": 2, ""Underlay"": 0}","{""Logo"": [""top-right""], ""Text"": [""top-center"", ""middle-center""]}",accepted,"{""Logo"": 1, ""Text"": 2, ""Underlay"": 0}","{""Logo"": [""top-right""], ""Text"": [""top-center"", ""middle-center""]}",
pku,5137.png,"Create a minimalist clothing poster with refined title text at top-left, supporting text at bottom-left, and a small logo at top-right.","{""Logo"": 1, ""Text"": 2, ""Underlay"": 0}","{""Logo"": [""top-right""], ""Text"": [""top-left"", ""bottom-left""]}",accepted,"{""Logo"": 1, ""Text"": 2, ""Underlay"": 0}","{""Logo"": [""top-right""], ""Text"": [""top-left"", ""bottom-left""]}",
pku,3190.png,"Create a rugged outdoor tool poster with bold title text in a white panel at top-center, short feature text at middle-center, and a small logo at top-right, keeping the knife unobstructed.","{""Logo"": 1, ""Text"": 1, ""Underlay"": 1}","{""Logo"": [""top-right""], ""Text"": [""middle-center""], ""Underlay"": [""top-center""]}",corrected,"{""Logo"":1,""Text"":2,""Underlay"":1}","{""Logo"":[""top-right""],""Text"":[""top-center"",""middle-center""],""Underlay"":[""top-center""]}",
pku,1013.png,"Create a clean dermatology poster with large title text at bottom-center, short benefit text at bottom-center, and a small logo at bottom-left, leaving both products unobstructed.","{""Logo"": 1, ""Text"": 2, ""Underlay"": 0}","{""Logo"": [""bottom-left""], ""Text"": [""bottom-center"", ""bottom-center""]}",accepted,"{""Logo"": 1, ""Text"": 2, ""Underlay"": 0}","{""Logo"": [""bottom-left""], ""Text"": [""bottom-center"", ""bottom-center""]}",
pku,683.png,"Create a family dental-care poster with bold title text at top-center, supporting text at middle-center, three small feature icons, and a logo at top-left.","{""Logo"": 1, ""Text"": 2, ""Underlay"": 0}","{""Logo"": [""top-left""], ""Text"": [""top-center"", ""middle-center""]}",exclude,"{""Logo"": 1, ""Text"": 2, ""Underlay"": 0}","{""Logo"": [""top-left""], ""Text"": [""top-center"", ""middle-center""]}",
pku,1800.png,"Create an elegant lingerie poster with title text at top-right, two benefit text boxes at middle-right and bottom-right, and a logo at bottom-right, leaving the garment fully visible.","{""Logo"": 1, ""Text"": 3, ""Underlay"": 0}","{""Logo"": [""bottom-right""], ""Text"": [""middle-right"", ""bottom-right"", ""top-right""]}",accepted,"{""Logo"": 1, ""Text"": 3, ""Underlay"": 0}","{""Logo"": [""bottom-right""], ""Text"": [""middle-right"", ""bottom-right"", ""top-right""]}",
pku,2123.png,"Create a refined beauty poster with a translucent text panel and short caption text at bottom-left, plus a logo at bottom-right, keeping the face and product unobstructed.","{""Logo"": 1, ""Text"": 1, ""Underlay"": 0}","{""Logo"": [""bottom-right""], ""Text"": [""bottom-left""]}",corrected,"{""Logo"":1,""Text"":1,""Underlay"":1}","{""Logo"":[""bottom-right""],""Text"":[""bottom-left""],""Underlay"":[""bottom-left""]}",
pku,3582.png,"Create an elegant fashion poster with bold title text at top-left, short descriptive text at middle-left, an icon, and a small logo at bottom-right.","{""Logo"": 1, ""Text"": 2, ""Underlay"": 0}","{""Logo"": [""bottom-right""], ""Text"": [""top-left"", ""middle-left""]}",exclude,"{""Logo"": 1, ""Text"": 2, ""Underlay"": 0}","{""Logo"": [""bottom-right""], ""Text"": [""top-left"", ""middle-left""]}",
pku,8585.png,"Create a playful product poster with large title text at top-center, short promotional text at middle-center, and a small logo at top-left, keeping both packages completely unobstructed.","{""Logo"": 1, ""Text"": 2, ""Underlay"": 0}","{""Logo"": [""top-left""], ""Text"": [""top-center"", ""middle-center""]}",accepted,"{""Logo"": 1, ""Text"": 2, ""Underlay"": 0}","{""Logo"": [""top-left""], ""Text"": [""top-center"", ""middle-center""]}",
pku,1990.png,"Create a soft skincare poster with title text at top-left, two benefit text lines at top-right, and a small logo at top-center, keeping the jar and hand clear.","{""Logo"": 1, ""Text"": 3, ""Underlay"": 0}","{""Logo"": [""top-center""], ""Text"": [""top-left"", ""top-right"", ""top-right""]}",accepted,"{""Logo"": 1, ""Text"": 3, ""Underlay"": 0}","{""Logo"": [""top-center""], ""Text"": [""top-left"", ""top-right"", ""top-right""]}",
pku,5243.png,"Create a vibrant audio poster with bold title text at bottom-center, two short feature text blocks at bottom-center, and a small logo at bottom-right.","{""Logo"": 1, ""Text"": 3, ""Underlay"": 0}","{""Logo"": [""bottom-right""], ""Text"": [""bottom-center"", ""bottom-center"", ""bottom-center""]}",accepted,"{""Logo"": 1, ""Text"": 3, ""Underlay"": 0}","{""Logo"": [""bottom-right""], ""Text"": [""bottom-center"", ""bottom-center"", ""bottom-center""]}",
pku,1106.png,"Create a soft floral cleaning-product poster with title text at top-left, feature text at middle-left, and a small logo at top-right, keeping the spray bottles unobstructed.","{""Logo"": 1, ""Text"": 2, ""Underlay"": 0}","{""Logo"": [""top-right""], ""Text"": [""top-left"", ""middle-left""]}",accepted,"{""Logo"": 1, ""Text"": 2, ""Underlay"": 0}","{""Logo"": [""top-right""], ""Text"": [""top-left"", ""middle-left""]}",
pku,8575.png,"Create a fashion textile poster with bold title text at bottom-left, two short text boxes at bottom-center, and a logo at bottom-right, preserving the fabric details.","{""Logo"": 1, ""Text"": 3, ""Underlay"": 0}","{""Logo"": [""bottom-right""], ""Text"": [""bottom-center"", ""bottom-center"", ""bottom-left""]}",accepted,"{""Logo"": 1, ""Text"": 3, ""Underlay"": 0}","{""Logo"": [""bottom-right""], ""Text"": [""bottom-center"", ""bottom-center"", ""bottom-left""]}",
pku,9182.png,"Create an outdoor mobility poster with large title text at top-center, two short text boxes at top-left and top-right, and a small logo at bottom-right.","{""Logo"": 1, ""Text"": 3, ""Underlay"": 0}","{""Logo"": [""bottom-right""], ""Text"": [""top-left"", ""top-right"", ""top-center""]}",accepted,"{""Logo"": 1, ""Text"": 3, ""Underlay"": 0}","{""Logo"": [""bottom-right""], ""Text"": [""top-left"", ""top-right"", ""top-center""]}",
pku,7313.png,"Create a modern mobility poster with bold title text at top-left, three short feature text blocks at middle-left, and a logo at top-right.","{""Logo"": 1, ""Text"": 4, ""Underlay"": 0}","{""Logo"": [""top-right""], ""Text"": [""middle-left"", ""middle-left"", ""middle-left"", ""top-left""]}",accepted,"{""Logo"": 1, ""Text"": 4, ""Underlay"": 0}","{""Logo"": [""top-right""], ""Text"": [""middle-left"", ""middle-left"", ""middle-left"", ""top-left""]}",
pku,9787.png,"Create a clean healthcare-product poster with title text at top-left, short benefit text at middle-left, and a small brand logo at top-right, keeping the monitor unobstructed.","{""Logo"": 1, ""Text"": 2, ""Underlay"": 0}","{""Logo"": [""top-right""], ""Text"": [""top-left"", ""middle-left""]}",accepted,"{""Logo"": 1, ""Text"": 2, ""Underlay"": 0}","{""Logo"": [""top-right""], ""Text"": [""top-left"", ""middle-left""]}",
pku,7263.png,"Create a premium appliance poster with title text in a white panel at top-center, supporting text at top-left, and a logo at top-right, avoiding the central appliance.","{""Logo"": 1, ""Text"": 1, ""Underlay"": 1}","{""Logo"": [""top-right""], ""Text"": [""top-left""], ""Underlay"": [""top-center""]}",corrected,"{""Logo"":1,""Text"":2,""Underlay"":1}","{""Logo"":[""top-right""],""Text"":[""top-center"",""top-left""],""Underlay"":[""top-center""]}",
pku,3888.png,"Create a wellness poster with bold title text at middle-right, supporting text at bottom-right, and a small logo at top-center, keeping the woman’s face and body unobstructed.","{""Logo"": 1, ""Text"": 2, ""Underlay"": 0}","{""Logo"": [""top-center""], ""Text"": [""middle-right"", ""bottom-right""]}",accepted,"{""Logo"": 1, ""Text"": 2, ""Underlay"": 0}","{""Logo"": [""top-center""], ""Text"": [""middle-right"", ""bottom-right""]}",
pku,2937.png,"Create a rugged outdoor backpack poster with bold title text at top-left, short feature text at middle-left, and a small logo at bottom-right, keeping the rider and bag unobstructed.","{""Logo"": 1, ""Text"": 2, ""Underlay"": 0}","{""Logo"": [""bottom-right""], ""Text"": [""top-left"", ""middle-left""]}",accepted,"{""Logo"": 1, ""Text"": 2, ""Underlay"": 0}","{""Logo"": [""bottom-right""], ""Text"": [""top-left"", ""middle-left""]}",
pku,473.png,"Create a soft lingerie poster with title text at top-left, brief promotional text at top-right, and a small logo at bottom-left, leaving both products fully visible.","{""Logo"": 1, ""Text"": 2, ""Underlay"": 0}","{""Logo"": [""bottom-left""], ""Text"": [""top-left"", ""top-right""]}",accepted,"{""Logo"": 1, ""Text"": 2, ""Underlay"": 0}","{""Logo"": [""bottom-left""], ""Text"": [""top-left"", ""top-right""]}",
pku,3297.png,"Create a warm wooden furniture poster with minimal title text at top-left, short descriptive text at middle-left, and a small logo at top-right, keeping the tea cabinet unobstructed.","{""Logo"": 1, ""Text"": 2, ""Underlay"": 0}","{""Logo"": [""top-right""], ""Text"": [""top-left"", ""middle-left""]}",accepted,"{""Logo"": 1, ""Text"": 2, ""Underlay"": 0}","{""Logo"": [""top-right""], ""Text"": [""top-left"", ""middle-left""]}",
pku,4237.png,"Create a skincare poster with bold title text at top-left, two short benefit text blocks at top-right, and a small logo at top-center, leaving the hands and product clear.","{""Logo"": 1, ""Text"": 3, ""Underlay"": 0}","{""Logo"": [""top-center""], ""Text"": [""top-left"", ""top-right"", ""top-right""]}",accepted,"{""Logo"": 1, ""Text"": 3, ""Underlay"": 0}","{""Logo"": [""top-center""], ""Text"": [""top-left"", ""top-right"", ""top-right""]}",
pku,9558.png,"Create a fresh blue-sky laundry-detergent poster with bold title text at top-left, feature text at middle-left, and a small logo at top-right, keeping the bottles unobstructed.","{""Logo"": 1, ""Text"": 2, ""Underlay"": 0}","{""Logo"": [""top-right""], ""Text"": [""top-left"", ""middle-left""]}",accepted,"{""Logo"": 1, ""Text"": 2, ""Underlay"": 0}","{""Logo"": [""top-right""], ""Text"": [""top-left"", ""middle-left""]}",
pku,4320.png,"Create a practical home-living poster with a slim text panel at middle-left and a logo at bottom-left, keeping the woman’s face and body clear.","{""Logo"": 1, ""Text"": 1, ""Underlay"": 0}","{""Logo"": [""bottom-left""], ""Text"": [""middle-left""]}",corrected,"{""Logo"":1,""Text"":1,""Underlay"":1}","{""Logo"":[""bottom-left""],""Text"":[""middle-left""],""Underlay"":[""middle-left""]}",
pku,8488.png,"Create an elegant handbag poster with refined title text at top-right, short descriptive text at middle-right, and a small logo at top-left, keeping the model and bag unobstructed.","{""Logo"": 1, ""Text"": 2, ""Underlay"": 0}","{""Logo"": [""top-left""], ""Text"": [""top-right"", ""middle-right""]}",accepted,"{""Logo"": 1, ""Text"": 2, ""Underlay"": 0}","{""Logo"": [""top-left""], ""Text"": [""top-right"", ""middle-right""]}",
pku,4437.png,"Create a premium television poster with large title text at top-center, supporting text at middle-center, and a small logo at top-right, leaving the screen unobstructed.","{""Logo"": 1, ""Text"": 2, ""Underlay"": 0}","{""Logo"": [""top-right""], ""Text"": [""top-center"", ""middle-center""]}",accepted,"{""Logo"": 1, ""Text"": 2, ""Underlay"": 0}","{""Logo"": [""top-right""], ""Text"": [""top-center"", ""middle-center""]}",
pku,791.png,"Create a healthcare recruitment poster with a slim panel at top-center containing title text and a small logo at top-right, keeping every face completely visible.","{""Logo"": 1, ""Text"": 0, ""Underlay"": 1}","{""Logo"": [""top-right""], ""Underlay"": [""top-center""]}",corrected,"{""Logo"":1,""Text"":1,""Underlay"":1}","{""Logo"":[""top-right""],""Text"":[""top-center""],""Underlay"":[""top-center""]}",
pku,5922.png,"Create a bold dark supplement poster with large title text at top-center, short benefit text at middle-center, and a small icon at bottom-right, keeping the bottles unobstructed.","{""Logo"": 1, ""Text"": 2, ""Underlay"": 0}","{""Logo"": [""bottom-right""], ""Text"": [""top-center"", ""middle-center""]}",accepted,"{""Logo"": 1, ""Text"": 2, ""Underlay"": 0}","{""Logo"": [""bottom-right""], ""Text"": [""top-center"", ""middle-center""]}",
pku,6974.png,"Create a luxury handbag poster with bold title text at top-left, supporting text at top-right, and a small logo at top-center, keeping both bags unobstructed.","{""Logo"": 1, ""Text"": 2, ""Underlay"": 0}","{""Logo"": [""top-center""], ""Text"": [""top-left"", ""top-right""]}",accepted,"{""Logo"": 1, ""Text"": 2, ""Underlay"": 0}","{""Logo"": [""top-center""], ""Text"": [""top-left"", ""top-right""]}",
pku,1757.png,"Create a practical kitchen-knife poster with bold title text at top-center, short feature text at middle-center, and a small logo at top-left, keeping the cleaver and meat unobstructed.","{""Logo"": 1, ""Text"": 2, ""Underlay"": 0}","{""Logo"": [""top-left""], ""Text"": [""top-center"", ""middle-center""]}",accepted,"{""Logo"": 1, ""Text"": 2, ""Underlay"": 0}","{""Logo"": [""top-left""], ""Text"": [""top-center"", ""middle-center""]}",
pku,7663.png,"Create a premium wine poster with elegant title text at top-center, supporting text at middle-center, and a small logo at top-left, keeping every bottle and the wooden case unobstructed.","{""Logo"": 1, ""Text"": 2, ""Underlay"": 0}","{""Logo"": [""top-left""], ""Text"": [""top-center"", ""middle-center""]}",accepted,"{""Logo"": 1, ""Text"": 2, ""Underlay"": 0}","{""Logo"": [""top-left""], ""Text"": [""top-center"", ""middle-center""]}",
pku,4169.png,"Create a modern appliance poster with bold title text at top-left, feature text at middle-left, and a logo at bottom-right, keeping the refrigerator unobstructed.","{""Logo"": 1, ""Text"": 2, ""Underlay"": 0}","{""Logo"": [""bottom-right""], ""Text"": [""top-left"", ""middle-left""]}",accepted,"{""Logo"": 1, ""Text"": 2, ""Underlay"": 0}","{""Logo"": [""bottom-right""], ""Text"": [""top-left"", ""middle-left""]}",
pku,190.png,"Create a modern home-appliance poster with bold title text at top-left, short feature text at middle-left, and a small logo at top-right, keeping the vacuum unobstructed.","{""Logo"": 1, ""Text"": 2, ""Underlay"": 0}","{""Logo"": [""top-right""], ""Text"": [""top-left"", ""middle-left""]}",accepted,"{""Logo"": 1, ""Text"": 2, ""Underlay"": 0}","{""Logo"": [""top-right""], ""Text"": [""top-left"", ""middle-left""]}",
pku,6279.png,"Create a refined fashion poster with a slim panel at middle-left containing title text, supporting text at bottom-left, and a small logo at top-right.","{""Logo"": 1, ""Text"": 1, ""Underlay"": 1}","{""Logo"": [""top-right""], ""Text"": [""bottom-left""], ""Underlay"": [""middle-left""]}",corrected,"{""Logo"":1,""Text"":2,""Underlay"":1}","{""Logo"":[""top-right""],""Text"":[""middle-left"",""bottom-left""],""Underlay"":[""middle-left""]}",
pku,6114.png,"Create a warm bakery poster with bold title text at top-left, short descriptive text at middle-left, price text on a small panel at top-right, and a logo at bottom-right.","{""Logo"": 1, ""Text"": 2, ""Underlay"": 1}","{""Logo"": [""bottom-right""], ""Text"": [""top-left"", ""middle-left""], ""Underlay"": [""top-right""]}",corrected,"{""Logo"":1,""Text"":3,""Underlay"":1}","{""Logo"":[""bottom-right""],""Text"":[""top-left"",""middle-left"",""top-right""],""Underlay"":[""top-right""]}",
pku,3663.png,"Create a modern water-dispenser poster with bold title text at top-center, two benefit text lines at top-left, and a small logo at top-right.","{""Logo"": 1, ""Text"": 3, ""Underlay"": 0}","{""Logo"": [""top-right""], ""Text"": [""top-left"", ""top-left"", ""top-center""]}",accepted,"{""Logo"": 1, ""Text"": 3, ""Underlay"": 0}","{""Logo"": [""top-right""], ""Text"": [""top-left"", ""top-left"", ""top-center""]}",
pku,9694.png,"Create an elegant floral poster with graceful title text at top-center, short greeting text at middle-center, an icon, and a logo at top-left.","{""Logo"": 2, ""Text"": 2, ""Underlay"": 0}","{""Logo"": [""top-left""], ""Text"": [""top-center"", ""middle-center""]}",exclude,"{""Logo"": 2, ""Text"": 2, ""Underlay"": 0}","{""Logo"": [""top-left""], ""Text"": [""top-center"", ""middle-center""]}",
pku,5325.png,"Create a traditional liquor poster with elegant title text at top-left, supporting text at middle-left, an icon, and a logo at top-right.","{""Logo"": 2, ""Text"": 2, ""Underlay"": 0}","{""Logo"": [""top-right""], ""Text"": [""top-left"", ""middle-left""]}",exclude,"{""Logo"": 2, ""Text"": 2, ""Underlay"": 0}","{""Logo"": [""top-right""], ""Text"": [""top-left"", ""middle-left""]}",
pku,2431.png,"Create a baby-nutrition poster with bold title text at top-left, three benefit text boxes in a panel at middle-center, and a logo at top-right.","{""Logo"": 1, ""Text"": 1, ""Underlay"": 3}","{""Logo"": [""top-right""], ""Text"": [""top-left""], ""Underlay"": [""middle-center"", ""middle-center"", ""middle-center""]}",corrected,"{""Logo"":1,""Text"":4,""Underlay"":1}","{""Logo"":[""top-right""],""Text"":[""top-left"",""middle-center"",""middle-center"",""middle-center""],""Underlay"":[""middle-center""]}",
pku,9075.png,"Create a refreshing hair-care poster with bold title text at top-left, three benefit text boxes at middle-left, and a logo at bottom-left.","{""Logo"": 1, ""Text"": 4, ""Underlay"": 0}","{""Logo"": [""bottom-left""], ""Text"": [""middle-left"", ""middle-left"", ""middle-left"", ""top-left""]}",accepted,"{""Logo"": 1, ""Text"": 4, ""Underlay"": 0}","{""Logo"": [""bottom-left""], ""Text"": [""middle-left"", ""middle-left"", ""middle-left"", ""top-left""]}",
pku,7036.png,"Create a traditional tea poster with elegant title text at top-left, short story text at middle-left, and a small logo at top-right.","{""Logo"": 1, ""Text"": 2, ""Underlay"": 0}","{""Logo"": [""top-right""], ""Text"": [""top-left"", ""middle-left""]}",accepted,"{""Logo"": 1, ""Text"": 2, ""Underlay"": 0}","{""Logo"": [""top-right""], ""Text"": [""top-left"", ""middle-left""]}",
pku,7505.png,"Create an elegant new-Chinese-style furniture poster with vertical title text at top-left, quotation-mark underlays, and supporting text at bottom-center, keeping the tea table unobstructed.","{""Logo"": 0, ""Text"": 2, ""Underlay"": 0}","{""Text"": [""top-left"", ""bottom-center""]}",exclude,"{""Logo"": 0, ""Text"": 2, ""Underlay"": 0}","{""Text"": [""top-left"", ""bottom-center""]}",
pku,7591.png,"Create a minimalist smartphone poster with bold title text at top-center, short caption text at middle-center, and a small brand logo at bottom-left, keeping the phone unobstructed.","{""Logo"": 1, ""Text"": 2, ""Underlay"": 0}","{""Logo"": [""bottom-left""], ""Text"": [""top-center"", ""middle-center""]}",accepted,"{""Logo"": 1, ""Text"": 2, ""Underlay"": 0}","{""Logo"": [""bottom-left""], ""Text"": [""top-center"", ""middle-center""]}",
pku,6409.png,"Create a cheerful snack poster with a compact panel at top-left containing bold title text and two benefit text lines, plus a small logo at middle-left.","{""Logo"": 1, ""Text"": 0, ""Underlay"": 1}","{""Logo"": [""middle-left""], ""Underlay"": [""top-left""]}",corrected,"{""Logo"":1,""Text"":3,""Underlay"":1}","{""Logo"":[""middle-left""],""Text"":[""top-left"",""top-left"",""top-left""],""Underlay"":[""top-left""]}",
pku,3821.png,"Create a modern furniture poster with large title text at top-center, short descriptive text at top-left, and a small logo at top-right.","{""Logo"": 1, ""Text"": 2, ""Underlay"": 0}","{""Logo"": [""top-right""], ""Text"": [""top-center"", ""top-left""]}",accepted,"{""Logo"": 1, ""Text"": 2, ""Underlay"": 0}","{""Logo"": [""top-right""], ""Text"": [""top-center"", ""top-left""]}",
pku,1201.png,"Create a rugged tactical-gear poster with title text on a dark panel at bottom-left, feature text at bottom-right, and a logo at top-left.","{""Logo"": 1, ""Text"": 1, ""Underlay"": 1}","{""Logo"": [""top-left""], ""Text"": [""bottom-right""], ""Underlay"": [""bottom-left""]}",corrected,"{""Logo"":1,""Text"":2,""Underlay"":1}","{""Logo"":[""top-left""],""Text"":[""bottom-left"",""bottom-right""],""Underlay"":[""bottom-left""]}",
pku,8814.png,"Create a professional technology poster with bold title text at top-left, three short feature text blocks at middle-left, and a small logo at top-right.","{""Logo"": 1, ""Text"": 4, ""Underlay"": 0}","{""Logo"": [""top-right""], ""Text"": [""middle-left"", ""middle-left"", ""middle-left"", ""top-left""]}",accepted,"{""Logo"": 1, ""Text"": 4, ""Underlay"": 0}","{""Logo"": [""top-right""], ""Text"": [""middle-left"", ""middle-left"", ""middle-left"", ""top-left""]}",
pku,7549.png,"Create a soft golden skincare poster with refined title text at top-center, ingredient text at middle-center, and a small logo at top-left, leaving the cleansing oil bottle unobstructed.","{""Logo"": 1, ""Text"": 2, ""Underlay"": 0}","{""Logo"": [""top-left""], ""Text"": [""top-center"", ""middle-center""]}",accepted,"{""Logo"": 1, ""Text"": 2, ""Underlay"": 0}","{""Logo"": [""top-left""], ""Text"": [""top-center"", ""middle-center""]}",
pku,4386.png,"Create a luxury accessories poster with elegant title text in a panel at bottom-center, supporting text at bottom-center, and a small logo at bottom-right.","{""Logo"": 1, ""Text"": 1, ""Underlay"": 1}","{""Logo"": [""bottom-right""], ""Text"": [""bottom-center""], ""Underlay"": [""bottom-center""]}",corrected,"{""Logo"":1,""Text"":2,""Underlay"":1}","{""Logo"":[""bottom-right""],""Text"":[""bottom-center"",""bottom-center""],""Underlay"":[""bottom-center""]}",
pku,4347.png,"Create an elegant new-Chinese-style furniture poster with title text at top-left, short descriptive text at middle-left, and a small logo at top-right, keeping the furniture set unobstructed.","{""Logo"": 1, ""Text"": 2, ""Underlay"": 0}","{""Logo"": [""top-right""], ""Text"": [""top-left"", ""middle-left""]}",accepted,"{""Logo"": 1, ""Text"": 2, ""Underlay"": 0}","{""Logo"": [""top-right""], ""Text"": [""top-left"", ""middle-left""]}",
pku,5371.png,"Create a minimalist footwear poster with title text at top-center, supporting text at bottom-center, offer text on a panel at bottom-left, and a logo at bottom-right.","{""Logo"": 1, ""Text"": 2, ""Underlay"": 1}","{""Logo"": [""bottom-right""], ""Text"": [""top-center"", ""bottom-center""], ""Underlay"": [""bottom-left""]}",corrected,"{""Logo"":1,""Text"":3,""Underlay"":1}","{""Logo"":[""bottom-right""],""Text"":[""top-center"",""bottom-center"",""bottom-left""],""Underlay"":[""bottom-left""]}",
pku,5007.png,"Create a stylish menswear poster with large title text at top-center, a short text line at middle-center, and a logo at top-left, keeping the shirt unobstructed.","{""Logo"": 1, ""Text"": 2, ""Underlay"": 0}","{""Logo"": [""top-left""], ""Text"": [""middle-center"", ""top-center""]}",accepted,"{""Logo"": 1, ""Text"": 2, ""Underlay"": 0}","{""Logo"": [""top-left""], ""Text"": [""middle-center"", ""top-center""]}",
pku,1901.png,"Create a practical hardware-product poster with bold title text in a dark panel at top-center, short usage text at middle-center, and small warning icons at top-right, keeping the hook rail unobstructed.","{""Logo"": 1, ""Text"": 1, ""Underlay"": 1}","{""Logo"": [""top-right""], ""Text"": [""middle-center""], ""Underlay"": [""top-center""]}",exclude,"{""Logo"": 1, ""Text"": 1, ""Underlay"": 1}","{""Logo"": [""top-right""], ""Text"": [""middle-center""], ""Underlay"": [""top-center""]}",
pku,4748.png,"Create a premium watch poster with strong title text at top-center, short waterproof caption text at bottom-center, and a logo at top-right.","{""Logo"": 1, ""Text"": 2, ""Underlay"": 0}","{""Logo"": [""top-right""], ""Text"": [""top-center"", ""bottom-center""]}",accepted,"{""Logo"": 1, ""Text"": 2, ""Underlay"": 0}","{""Logo"": [""top-right""], ""Text"": [""top-center"", ""bottom-center""]}",
pku,9636.png,"Create a refreshing beverage poster with bold title text at top-center, supporting text at middle-center, a logo at top-left, and promotional text on a small panel at top-right.","{""Logo"": 1, ""Text"": 2, ""Underlay"": 1}","{""Logo"": [""top-left""], ""Text"": [""top-center"", ""middle-center""], ""Underlay"": [""top-right""]}",corrected,"{""Logo"":1,""Text"":3,""Underlay"":1}","{""Logo"":[""top-left""],""Text"":[""top-center"",""middle-center"",""top-right""],""Underlay"":[""top-right""]}",
pku,6468.png,"Create a bold red-and-yellow supplement poster with large title text at top-right, short benefit text at middle-right, and a small icon at bottom-right, keeping the bottles unobstructed.","{""Logo"": 1, ""Text"": 2, ""Underlay"": 0}","{""Logo"": [""bottom-right""], ""Text"": [""top-right"", ""middle-right""]}",accepted,"{""Logo"": 1, ""Text"": 2, ""Underlay"": 0}","{""Logo"": [""bottom-right""], ""Text"": [""top-right"", ""middle-right""]}",
pku,6246.png,"Create a comfortable driving-accessory poster with title text at top-left, benefit text on a compact panel at middle-left, and a small logo at top-right.","{""Logo"": 1, ""Text"": 1, ""Underlay"": 1}","{""Logo"": [""top-right""], ""Text"": [""top-left""], ""Underlay"": [""middle-left""]}",corrected,"{""Logo"":1,""Text"":2,""Underlay"":1}","{""Logo"":[""top-right""],""Text"":[""top-left"",""middle-left""],""Underlay"":[""middle-left""]}",
pku,5815.png,"Create a modern furniture poster with bold title text at top-left, three short feature text boxes at top-right, and a logo at top-right, leaving the table clear.","{""Logo"": 1, ""Text"": 4, ""Underlay"": 0}","{""Logo"": [""top-right""], ""Text"": [""top-right"", ""top-right"", ""top-right"", ""top-left""]}",accepted,"{""Logo"": 1, ""Text"": 4, ""Underlay"": 0}","{""Logo"": [""top-right""], ""Text"": [""top-right"", ""top-right"", ""top-right"", ""top-left""]}",
pku,8966.png,"Create a practical home-organization poster with bold title text at top-right, short feature text at middle-right, and a small logo at top-left, keeping the shoe boxes unobstructed.","{""Logo"": 1, ""Text"": 2, ""Underlay"": 0}","{""Logo"": [""top-left""], ""Text"": [""top-right"", ""middle-right""]}",accepted,"{""Logo"": 1, ""Text"": 2, ""Underlay"": 0}","{""Logo"": [""top-left""], ""Text"": [""top-right"", ""middle-right""]}",
pku,2209.png,"Create a premium dark-blue industrial poster with bold title text at top-center, short descriptive text at middle-center, and a small logo at bottom-left, keeping the foam rolls unobstructed.","{""Logo"": 1, ""Text"": 2, ""Underlay"": 0}","{""Logo"": [""bottom-left""], ""Text"": [""top-center"", ""middle-center""]}",accepted,"{""Logo"": 1, ""Text"": 2, ""Underlay"": 0}","{""Logo"": [""bottom-left""], ""Text"": [""top-center"", ""middle-center""]}",
pku,5016.png,"Create a modern study-furniture poster with bold title text at top-left, supporting text at middle-left, and a small logo at top-right, leaving the desk and chair clear.","{""Logo"": 1, ""Text"": 2, ""Underlay"": 0}","{""Logo"": [""top-right""], ""Text"": [""top-left"", ""middle-left""]}",accepted,"{""Logo"": 1, ""Text"": 2, ""Underlay"": 0}","{""Logo"": [""top-right""], ""Text"": [""top-left"", ""middle-left""]}",
pku,5881.png,"Create a sleek automotive tech poster with bold title text on a panel at top-left, short feature text at middle-left, and a small icon at bottom-right, keeping the display screen unobstructed.","{""Logo"": 1, ""Text"": 1, ""Underlay"": 1}","{""Logo"": [""bottom-right""], ""Text"": [""middle-left""], ""Underlay"": [""top-left""]}",corrected,"{""Logo"":1,""Text"":2,""Underlay"":1}","{""Logo"":[""bottom-right""],""Text"":[""top-left"",""middle-left""],""Underlay"":[""top-left""]}",
pku,8403.png,"Create a playful children’s bicycle poster with title text at top-center, two icon-and-text features at top-left and top-right, and a logo at top-left.","{""Logo"": 3, ""Text"": 3, ""Underlay"": 0}","{""Logo"": [""top-left""], ""Text"": [""top-center"", ""top-left"", ""top-right""]}",corrected,"{""Logo"":3,""Text"":3,""Underlay"":0}","{""Logo"":[""top-left"",""top-right"",""top-left""],""Text"":[""top-center"",""top-left"",""top-right""]}",
pku,7972.png,"Create a luxurious blue-toned skincare poster with refined title text at top-right, benefit text at middle-right, and a small logo at top-left, keeping the product bottle unobstructed.","{""Logo"": 1, ""Text"": 2, ""Underlay"": 0}","{""Logo"": [""top-left""], ""Text"": [""top-right"", ""middle-right""]}",accepted,"{""Logo"": 1, ""Text"": 2, ""Underlay"": 0}","{""Logo"": [""top-left""], ""Text"": [""top-right"", ""middle-right""]}",
pku,8964.png,"Create a clean vacuum advertisement with bold title text at top-center, two icon-and-text features at top-left and top-right, and a logo at bottom-right.","{""Logo"": 3, ""Text"": 3, ""Underlay"": 0}","{""Logo"": [""bottom-right""], ""Text"": [""top-center"", ""top-left"", ""top-right""]}",corrected,"{""Logo"":3,""Text"":3,""Underlay"":0}","{""Logo"":[""top-left"",""top-right"",""bottom-right""],""Text"":[""top-center"",""top-left"",""top-right""]}",
pku,6662.png,"Create a warm pastel infant-formula poster with bold title text at bottom-center, supporting text at bottom-center, and an icon at bottom-left, keeping the can unobstructed.","{""Logo"": 1, ""Text"": 2, ""Underlay"": 0}","{""Logo"": [""bottom-left""], ""Text"": [""bottom-center"", ""bottom-center""]}",accepted,"{""Logo"": 1, ""Text"": 2, ""Underlay"": 0}","{""Logo"": [""bottom-left""], ""Text"": [""bottom-center"", ""bottom-center""]}",
pku,906.png,"Create a clean lingerie poster with minimal title text at top-right, short descriptive text at middle-right, and a small logo at top-left, keeping the bra unobstructed.","{""Logo"": 1, ""Text"": 2, ""Underlay"": 0}","{""Logo"": [""top-left""], ""Text"": [""top-right"", ""middle-right""]}",accepted,"{""Logo"": 1, ""Text"": 2, ""Underlay"": 0}","{""Logo"": [""top-left""], ""Text"": [""top-right"", ""middle-right""]}",
pku,9628.png,"Create a premium tea poster with refined title text at top-center, heritage text at middle-center, a logo at top-left, and an icon at top-right.","{""Logo"": 2, ""Text"": 2, ""Underlay"": 0}","{""Logo"": [""top-left"", ""top-right""], ""Text"": [""top-center"", ""middle-center""]}",accepted,"{""Logo"": 2, ""Text"": 2, ""Underlay"": 0}","{""Logo"": [""top-left"", ""top-right""], ""Text"": [""top-center"", ""middle-center""]}",
pku,4735.png,"Create an audio-system poster with large title text at top-center, two feature text boxes at top-left and top-right, and a logo at top-left.","{""Logo"": 1, ""Text"": 3, ""Underlay"": 0}","{""Logo"": [""top-left""], ""Text"": [""top-left"", ""top-right"", ""top-center""]}",accepted,"{""Logo"": 1, ""Text"": 3, ""Underlay"": 0}","{""Logo"": [""top-left""], ""Text"": [""top-left"", ""top-right"", ""top-center""]}",
pku,6003.png,"Create a professional fashion poster with a slim panel at middle-left containing title text and a logo at top-right, keeping the model’s face and outfit completely unobstructed.","{""Logo"": 1, ""Text"": 0, ""Underlay"": 1}","{""Logo"": [""top-right""], ""Underlay"": [""middle-left""]}",corrected,"{""Logo"":1,""Text"":1,""Underlay"":1}","{""Logo"":[""top-right""],""Text"":[""middle-left""],""Underlay"":[""middle-left""]}",
pku,3347.png,"Create a delicate lingerie poster with elegant title text at top-center, two feature text boxes at top-left and top-right, and a small logo at bottom-right.","{""Logo"": 1, ""Text"": 3, ""Underlay"": 0}","{""Logo"": [""bottom-right""], ""Text"": [""top-left"", ""top-right"", ""top-center""]}",accepted,"{""Logo"": 1, ""Text"": 3, ""Underlay"": 0}","{""Logo"": [""bottom-right""], ""Text"": [""top-left"", ""top-right"", ""top-center""]}",
pku,8805.png,"Create an elegant wellness poster with large title text at top-center, short promotional text at middle-center, and a logo at top-left, keeping all product boxes visible.","{""Logo"": 1, ""Text"": 2, ""Underlay"": 0}","{""Logo"": [""top-left""], ""Text"": [""top-center"", ""middle-center""]}",accepted,"{""Logo"": 1, ""Text"": 2, ""Underlay"": 0}","{""Logo"": [""top-left""], ""Text"": [""top-center"", ""middle-center""]}",
pku,984.png,"Create a casual menswear poster with bold title text at top-left, supporting text at middle-left, and a small logo at bottom-left, leaving the model and cargo shorts clear.","{""Logo"": 1, ""Text"": 2, ""Underlay"": 0}","{""Logo"": [""bottom-left""], ""Text"": [""top-left"", ""middle-left""]}",accepted,"{""Logo"": 1, ""Text"": 2, ""Underlay"": 0}","{""Logo"": [""bottom-left""], ""Text"": [""top-left"", ""middle-left""]}",
pku,6314.png,"Create a refreshing beverage poster with strong title text on a translucent underlay at top-left, supporting text at middle-left, and a logo at top-right.","{""Logo"": 1, ""Text"": 1, ""Underlay"": 1}","{""Logo"": [""top-right""], ""Text"": [""middle-left""], ""Underlay"": [""top-left""]}",corrected,"{""Logo"":1,""Text"":2,""Underlay"":1}","{""Logo"":[""top-right""],""Text"":[""top-left"",""middle-left""],""Underlay"":[""top-left""]}",
pku,5585.png,"Create a vibrant food poster with bold title text at top-center, a translucent text underlay at middle-center, and a small logo at bottom-right.","{""Logo"": 1, ""Text"": 1, ""Underlay"": 1}","{""Logo"": [""bottom-right""], ""Text"": [""top-center""], ""Underlay"": [""middle-center""]}",accepted,"{""Logo"": 1, ""Text"": 1, ""Underlay"": 1}","{""Logo"": [""bottom-right""], ""Text"": [""top-center""], ""Underlay"": [""middle-center""]}",
pku,9530.png,"Create a skincare poster with bold title text on a red panel at bottom-right, two short benefit text lines at bottom-right, and a small logo at top-right.","{""Logo"": 1, ""Text"": 2, ""Underlay"": 1}","{""Logo"": [""top-right""], ""Text"": [""bottom-right"", ""bottom-right""], ""Underlay"": [""bottom-right""]}",corrected,"{""Logo"":1,""Text"":3,""Underlay"":1}","{""Logo"":[""top-right""],""Text"":[""bottom-right"",""bottom-right"",""bottom-right""],""Underlay"":[""bottom-right""]}",
pku,5966.png,"Create a natural hair-care poster with large title text at top-center, supporting text at top-left, and a small logo at top-right.","{""Logo"": 1, ""Text"": 2, ""Underlay"": 0}","{""Logo"": [""top-right""], ""Text"": [""top-center"", ""top-left""]}",accepted,"{""Logo"": 1, ""Text"": 2, ""Underlay"": 0}","{""Logo"": [""top-right""], ""Text"": [""top-center"", ""top-left""]}",
pku,9552.png,"Create a dramatic dark-toned fitness apparel poster with bold title text at top-center, short caption text at middle-center, and a small logo at bottom-right, keeping the athlete unobstructed.","{""Logo"": 1, ""Text"": 2, ""Underlay"": 0}","{""Logo"": [""bottom-right""], ""Text"": [""top-center"", ""middle-center""]}",accepted,"{""Logo"": 1, ""Text"": 2, ""Underlay"": 0}","{""Logo"": [""bottom-right""], ""Text"": [""top-center"", ""middle-center""]}",
pku,9353.png,"Create a dental-care poster with bold title text at top-left, three benefit text boxes at middle-left, and a small logo at top-right.","{""Logo"": 1, ""Text"": 4, ""Underlay"": 0}","{""Logo"": [""top-right""], ""Text"": [""top-left"", ""middle-left"", ""middle-left"", ""middle-left""]}",accepted,"{""Logo"": 1, ""Text"": 4, ""Underlay"": 0}","{""Logo"": [""top-right""], ""Text"": [""top-left"", ""middle-left"", ""middle-left"", ""middle-left""]}",
pku,6386.png,"Create a dynamic footwear poster with large title text at top-center, feature text at bottom-left, price text on a panel at bottom-right, and a logo at top-left.","{""Logo"": 1, ""Text"": 2, ""Underlay"": 1}","{""Logo"": [""top-left""], ""Text"": [""top-center"", ""bottom-left""], ""Underlay"": [""bottom-right""]}",corrected,"{""Logo"":1,""Text"":3,""Underlay"":1}","{""Logo"":[""top-left""],""Text"":[""top-center"",""bottom-left"",""bottom-right""],""Underlay"":[""bottom-right""]}",
pku,3047.png,"Create a modern appliance poster with bold title text at top-center, benefit text at top-left, a feature icon at top-right, and a logo at bottom-right.","{""Logo"": 2, ""Text"": 2, ""Underlay"": 0}","{""Logo"": [""top-right"", ""bottom-right""], ""Text"": [""top-center"", ""top-left""]}",accepted,"{""Logo"": 2, ""Text"": 2, ""Underlay"": 0}","{""Logo"": [""top-right"", ""bottom-right""], ""Text"": [""top-center"", ""top-left""]}",
pku,8130.png,"Create an adventurous automotive poster with bold title text at top-center, supporting text at middle-center, a small icon, and a logo at top-left.","{""Logo"": 1, ""Text"": 2, ""Underlay"": 0}","{""Logo"": [""top-left""], ""Text"": [""top-center"", ""middle-center""]}",exclude,"{""Logo"": 1, ""Text"": 2, ""Underlay"": 0}","{""Logo"": [""top-left""], ""Text"": [""top-center"", ""middle-center""]}",
pku,2335.png,"Create a chic fashion poster with minimal title text at top-right, short descriptive text at middle-right, and a small logo at top-left, keeping the model unobstructed.","{""Logo"": 1, ""Text"": 2, ""Underlay"": 0}","{""Logo"": [""top-left""], ""Text"": [""top-right"", ""middle-right""]}",accepted,"{""Logo"": 1, ""Text"": 2, ""Underlay"": 0}","{""Logo"": [""top-left""], ""Text"": [""top-right"", ""middle-right""]}",
pku,8591.png,"Create an elegant beauty poster with a vertical text panel at middle-left, short caption text at bottom-center, and a logo at bottom-right.","{""Logo"": 1, ""Text"": 2, ""Underlay"": 0}","{""Logo"": [""bottom-right""], ""Text"": [""middle-left"", ""bottom-center""]}",corrected,"{""Logo"":1,""Text"":2,""Underlay"":1}","{""Logo"":[""bottom-right""],""Text"":[""middle-left"",""bottom-center""],""Underlay"":[""middle-left""]}",
pku,1443.png,"Create a children’s furniture poster with playful title text at top-center, two feature text boxes at top-left and top-right, and a small logo at top-right.","{""Logo"": 1, ""Text"": 3, ""Underlay"": 0}","{""Logo"": [""top-right""], ""Text"": [""top-left"", ""top-right"", ""top-center""]}",accepted,"{""Logo"": 1, ""Text"": 3, ""Underlay"": 0}","{""Logo"": [""top-right""], ""Text"": [""top-left"", ""top-right"", ""top-center""]}",
pku,7508.png,"Create a luxury eyewear poster with bold title text at bottom-center, supporting text at bottom-center, a feature icon at bottom-left, and a logo at bottom-right.","{""Logo"": 2, ""Text"": 2, ""Underlay"": 0}","{""Logo"": [""bottom-left"", ""bottom-right""], ""Text"": [""bottom-center"", ""bottom-center""]}",accepted,"{""Logo"": 2, ""Text"": 2, ""Underlay"": 0}","{""Logo"": [""bottom-left"", ""bottom-right""], ""Text"": [""bottom-center"", ""bottom-center""]}",
pku,5991.png,"Create a stylish lip-color poster with large title text at top-center, short promotional text at middle-center, and a logo at top-left.","{""Logo"": 1, ""Text"": 2, ""Underlay"": 0}","{""Logo"": [""top-left""], ""Text"": [""top-center"", ""middle-center""]}",accepted,"{""Logo"": 1, ""Text"": 2, ""Underlay"": 0}","{""Logo"": [""top-left""], ""Text"": [""top-center"", ""middle-center""]}",
pku,7203.png,"Create a premium skincare poster with refined title text at top-left, benefit text at top-right, and a small logo at top-center, leaving the products clear.","{""Logo"": 1, ""Text"": 2, ""Underlay"": 0}","{""Logo"": [""top-center""], ""Text"": [""top-left"", ""top-right""]}",accepted,"{""Logo"": 1, ""Text"": 2, ""Underlay"": 0}","{""Logo"": [""top-center""], ""Text"": [""top-left"", ""top-right""]}",
pku,9918.png,"Create a personal-care poster with bold title text on a slim panel at middle-left, supporting text at bottom-left, and a small logo at bottom-right.","{""Logo"": 1, ""Text"": 1, ""Underlay"": 1}","{""Logo"": [""bottom-right""], ""Text"": [""bottom-left""], ""Underlay"": [""middle-left""]}",corrected,"{""Logo"":1,""Text"":2,""Underlay"":1}","{""Logo"":[""bottom-right""],""Text"":[""middle-left"",""bottom-left""],""Underlay"":[""middle-left""]}",
pku,7604.png,"Create a creative studio poster with minimal title text at top-center, supporting text at middle-center, and a small logo at top-left, keeping the desk scene unobstructed.","{""Logo"": 1, ""Text"": 2, ""Underlay"": 0}","{""Logo"": [""top-left""], ""Text"": [""top-center"", ""middle-center""]}",accepted,"{""Logo"": 1, ""Text"": 2, ""Underlay"": 0}","{""Logo"": [""top-left""], ""Text"": [""top-center"", ""middle-center""]}",
pku,6884.png,"Create a fresh dairy poster with large title text at bottom-center, two short text lines at bottom-center, and a logo at bottom-right.","{""Logo"": 1, ""Text"": 3, ""Underlay"": 0}","{""Logo"": [""bottom-right""], ""Text"": [""bottom-center"", ""bottom-center"", ""bottom-center""]}",accepted,"{""Logo"": 1, ""Text"": 3, ""Underlay"": 0}","{""Logo"": [""bottom-right""], ""Text"": [""bottom-center"", ""bottom-center"", ""bottom-center""]}",
pku,5042.png,"Create a premium beverage poster with elegant title text at top-center, short story text at top-left, an icon, and a logo at top-right.","{""Logo"": 2, ""Text"": 2, ""Underlay"": 0}","{""Logo"": [""top-right""], ""Text"": [""top-center"", ""top-left""]}",exclude,"{""Logo"": 2, ""Text"": 2, ""Underlay"": 0}","{""Logo"": [""top-right""], ""Text"": [""top-center"", ""top-left""]}",
pku,5511.png,"Create an energetic purple sportswear poster with bold title text at top-left, short slogan text at middle-left, and a small logo on an underlay at middle-center, keeping the jerseys unobstructed.","{""Logo"": 0, ""Text"": 2, ""Underlay"": 1}","{""Text"": [""top-left"", ""middle-left""], ""Underlay"": [""middle-center""]}",corrected,"{""Logo"":1,""Text"":2,""Underlay"":1}","{""Logo"":[""middle-center""],""Text"":[""top-left"",""middle-left""],""Underlay"":[""middle-center""]}",
pku,2444.png,"Create a soft romantic handbag poster with minimal title text at top-right, short descriptive text at middle-right, and a small logo at top-left, keeping the bag and model unobstructed.","{""Logo"": 1, ""Text"": 2, ""Underlay"": 0}","{""Logo"": [""top-left""], ""Text"": [""top-right"", ""middle-right""]}",accepted,"{""Logo"": 1, ""Text"": 2, ""Underlay"": 0}","{""Logo"": [""top-left""], ""Text"": [""top-right"", ""middle-right""]}",
