"poster_path","text_prompt","author_id","independent_of_ground_truth"
"2214.png","Create a poster with large title at the top, and two text boxes in the center and a small logo at the bottom left.","1","yes"
"3936.png","Create a festive workspace poster with a bold title at the top-center, supporting text in the lower half, and a small logo at the bottom-right.","1","yes"
"5856.png","Create a bold streetwear poster with a title at top-center, promotional text in the lower half, a price panel at bottom-left, and a logo at top-right.","1","yes"
"9778.png","Create a light airy sneaker poster with a bold title at top-left, short tagline beneath, and a small logo at top-right, keeping the shoe unobstructed.","3","yes"
"5917.png","Create a lifestyle apparel poster with a bold title at top-left, a short tagline beneath, and a small logo at top-right, keeping the model unobstructed.","3","yes"
"7057.png","Create a clean fashion poster with a minimal title at top-right, short descriptive text beneath, and a small brand tag at top-left, keeping the blazer unobstructed.","3","yes"
"8913.png","Create an elegant accessories poster with a refined title at top-center, two short text lines beneath, and a logo at top-left, keeping the belt unobstructed.","2","yes"
"9784.png","Create a dental-care promotion with a large title at the top-center, two benefit text blocks in the upper half, and a logo at top-right.","","yes"
"2017.png","Create a modern storage poster with a large title at top-center, three icon-and-text features across the upper half, and a logo at top-left.","1","yes"
"9136.png","Create a luxury footwear poster with a large title at top-center, supporting text beneath, and a small logo at top-left, leaving both shoes fully visible.","2","yes"
"3043.png","Create a clean apparel poster with a bold title at top-center, short feature text beneath, and a small brand logo at top-left, keeping the polo shirt unobstructed.","3","yes"
"921.png","Create a comfortable bedding poster with a bold title at top-right, two short benefit texts beneath, and a small logo at upper-left.","1","yes"
"6672.png","Create a playful pink-themed children's dancewear poster with a title at top-right, decorative circle underlays throughout, and a small logo at bottom-left, keeping the model unobstructed.","3","yes"
"6875.png","Create a cheerful pink children's sleepwear poster with a title at top-right, short text beneath, and a small logo at top-left, keeping the garments unobstructed.","3","yes"
"627.png","Create a modern activewear poster with a bold title at top-left, feature text along the left side, and a logo at top-right, keeping the shorts and model unobstructed.","2","yes"
"4978.png","Create a delicate lingerie poster with an elegant title in the open center, supporting text directly beneath, and a small logo at bottom-right, avoiding both garments.","2","yes"
"8257.png","Create a clean backpack poster with a bold title in the upper half, short feature text beneath, and a logo at bottom-right, leaving both backpacks unobstructed.","3","yes"
"6370.png","Create a warm furniture poster with a bold title at top-right, supporting text beneath it, and a small logo at top-left, keeping the sofa unobstructed.","2","yes"
"6171.png","Create a cute baby-accessories poster with a title at top-right, short text beneath, and a small logo at top-left, keeping the child and hat unobstructed.","3","yes"
"8790.png","Create a rustic restaurant-branded packaging poster with a title at top-left, short descriptive text beneath, and a decorative plant icon at bottom-left, keeping the boxes unobstructed.","3","yes"
"7713.png","Create a warm nursery-organization poster with a bold title at top-right, short feature text beneath, and a small logo at top-left, keeping the storage cart unobstructed.","3","yes"
"822.png","Create a minimalist skincare poster with a bold title at top-left, a short benefit text at top-right, and a logo above the product, leaving the bottle completely clear.","2","yes"
"814.png","Create a premium body-spray poster with a large title at top-center, two benefit text lines below, a feature icon, and a logo at top-left.","1","yes"
"5723.png","Create a vibrant orange sportswear poster with a bold title at top-center, short feature text beneath, and a small logo at bottom-left, keeping the pants unobstructed.","3","yes"
"7987.png","Create an elegant dark-green home-decor poster with a title at top-center, short descriptive labels beneath each lamp, and a small logo at top-left, keeping the lamps unobstructed.","3","yes"
"8183.png","Create a flavorful food poster with a bold title at top-center, supporting text beneath, a decorative icon at top-right, and a small logo at top-left.","2","yes"
"6475.png","Create a gourmet food poster with a large title at top-center, supporting text beneath, and a small logo at top-right, keeping the dish and ingredient bowl unobstructed.","2","yes"
"5137.png","Create a minimalist clothing poster with a refined title at top-left, supporting text in the lower-left, and a small logo at top-right.","1","yes"
"3190.png","Create a rugged outdoor tool poster with a bold title in the white panel at top, short feature text beneath, and a small logo at top-right, keeping the knife unobstructed.","3","yes"
"1013.png","Create a clean dermatology poster with a large title in the lower-center, short benefit text beneath, and a small logo at bottom-left, leaving both products unobstructed.","2","yes"
"683.png","Create a family dental-care poster with a bold title at top-center, supporting text beneath, three small feature icons, and a logo at top-left.","2","yes"
"1800.png","Create an elegant lingerie poster with a title at top-right, two benefit text lines along the right side, and a logo at bottom-right, leaving the garment fully visible.","2","yes"
"2123.png","Create a refined beauty poster with a translucent text panel at bottom-left, a short tagline beneath the title, and a logo at bottom-right, keeping the face and product unobstructed.","2","yes"
"3582.png","Create an elegant fashion poster with a bold title at top-left, short descriptive text beneath, a decorative icon, and a small logo at bottom-right.","1","yes"
"8585.png","Create a playful product poster with a large title at top-center, a short promotional line beneath, and a small logo at top-left, keeping both packages completely unobstructed.","2","yes"
"1990.png","Create a soft skincare poster with a title at top-left, two benefit text lines at top-right, and a small logo at top-center, keeping the jar and hand clear.","2","yes"
"5243.png","Create a vibrant audio poster with a bold title centered in the lower half, two short feature texts beneath, and a small logo at bottom-right.","2","yes"
"1106.png","Create a soft floral cleaning-product poster with a title at top-left, feature text beneath, and a small logo at top-right, keeping the spray bottles unobstructed.","3","yes"
"8575.png","Create a fashion textile poster with a bold title in the lower-left white area, two short text lines beside it, and a logo at bottom-right, preserving the fabric details.","2","yes"
"9182.png","Create an outdoor mobility poster with a large title at the top-center, two short text blocks near the upper corners, and a small logo at bottom-right.","1","yes"
"7313.png","Create a modern mobility poster with a bold title at top-left, three short feature texts in the center-left, and a logo at top-right.","1","yes"
"9787.png","Create a clean healthcare-product poster with a title at top-left, short benefit text beneath it, and a small brand logo at top-right, keeping the monitor unobstructed.","3","yes"
"7263.png","Create a premium appliance poster with a title in the white top header, supporting text along the upper-left edge, and a logo at top-right, avoiding the central appliance.","2","yes"
"3888.png","Create a wellness poster with a bold title in the right-center, supporting text beneath, and a small logo at top-center, keeping the woman’s face and body unobstructed.","2","yes"
"2937.png","Create a rugged outdoor backpack poster with a bold title at top-left, short feature text beneath, and a small logo at bottom-right, keeping the rider and bag unobstructed.","3","yes"
"473.png","Create a soft lingerie poster with a title at top-left, brief promotional text at top-right, and a small logo at bottom-left, leaving both products fully visible.","2","yes"
"3297.png","Create a warm wooden furniture poster with a minimal title at top-left, short descriptive text beneath, and a small logo at top-right, keeping the tea cabinet unobstructed.","3","yes"
"4237.png","Create a skincare poster with a bold title at top-left, two short benefit texts at top-right, and a small logo above them, leaving the hands and product clear.","2","yes"
"9558.png","Create a fresh blue-sky laundry-detergent poster with a bold title at top-left, feature text beneath, and a small logo at top-right, keeping the bottles unobstructed.","3","yes"
"4320.png","Create a practical home-living poster with a slim text panel along the far left edge and a logo at bottom-left, keeping the woman’s face and body clear.","2","yes"
"8488.png","Create an elegant handbag poster with a refined title at top-right, short descriptive text beneath, and a small logo at top-left, keeping the model and bag unobstructed.","3","yes"
"4437.png","Create a premium television poster with a large title at top-center, supporting text beneath, and a small logo at top-right, leaving the screen unobstructed.","2","yes"
"791.png","Create a healthcare recruitment poster with a slim title panel across the very top and a small logo inside its right corner, keeping every face completely visible.","2","yes"
"5922.png","Create a bold dark supplement poster with a large title at top-center, short benefit text beneath, and a small icon decoration at bottom-right, keeping the bottles unobstructed.","3","yes"
"6974.png","Create a luxury handbag poster with a bold title at top-left, supporting text at top-right, and a small logo above the products, keeping both bags unobstructed.","2","yes"
"1757.png","Create a practical kitchen-knife poster with a bold title at top-center, short feature text beneath, and a small logo at top-left, keeping the cleaver and meat unobstructed.","3","yes"
"7663.png","Create a premium wine poster with an elegant title at top-center, supporting text beneath, and a small logo at top-left, keeping every bottle and the wooden case unobstructed.","2","yes"
"4169.png","Create a modern appliance poster with a bold title at top-left, feature text beneath, and a logo at bottom-right, keeping the refrigerator clear against the circular backdrop.","3","yes"
"190.png","Create a modern home-appliance poster with a bold title at top-left, short feature text beneath, and a small logo at top-right, keeping the vacuum unobstructed.","3","yes"
"6279.png","Create a refined fashion poster with a slim title panel along the left edge, supporting text near the lower-left, and a small logo at top-right.","1","yes"
"6114.png","Create a warm bakery poster with a bold title at top-left, short descriptive text beneath, a price badge at top-right, and a logo at bottom-right.","1","yes"
"3663.png","Create a modern water-dispenser poster with a bold title at top-center, two benefit text lines at upper-left, and a small logo at upper-right.","1","yes"
"9694.png","Create an elegant floral poster with a graceful title at top-center, a short greeting text beneath, a decorative icon, and a logo at top-left.","2","yes"
"5325.png","Create a traditional liquor poster with an elegant title at top-left, supporting text beneath, a decorative emblem, and a logo at top-right.","1","yes"
"2431.png","Create a baby-nutrition poster with a bold title at top-left, three benefit text lines inside the central panel, and a logo at top-right.","1","yes"
"9075.png","Create a refreshing hair-care poster with a bold title at top-left, three benefit text lines along the left side, and a logo at bottom-left.","2","yes"
"7036.png","Create a traditional tea poster with an elegant title at top-left, a short story text beneath it, and a small logo at top-right.","1","yes"
"7505.png","Create an elegant new-Chinese-style furniture poster with a vertical title at top-left, decorative quotation-mark underlays, and supporting text at bottom-center, keeping the tea table unobstructed.","3","yes"
"7591.png","Create a minimalist smartphone poster with a bold title at top-center, a short tagline beneath it, and a small brand logo at bottom-left, keeping the phone unobstructed.","3","yes"
"6409.png","Create a cheerful snack poster with a compact text panel at top-left containing a bold title, two benefit lines, and a small logo underneath.","2","yes"
"3821.png","Create a modern furniture poster with a large title at top-center, short descriptive text at upper-left, and a small logo at upper-right.","1","yes"
"1201.png","Create a rugged tactical-gear poster with a title on a dark panel at bottom-left, feature text at bottom-right, and a logo at top-left.","1","yes"
"8814.png","Create a professional technology poster with a bold title at top-left, three short feature texts beneath, and a small logo at top-right.","1","yes"
"7549.png","Create a soft golden skincare poster with a refined title at top-center, ingredient text beneath, and a small logo at top-left, leaving the cleansing oil bottle unobstructed.","3","yes"
"4386.png","Create a luxury accessories poster with an elegant title in the lower-center panel, supporting text beneath, and a small logo at bottom-right.","2","yes"
"4347.png","Create an elegant new-Chinese-style furniture poster with a title at top-left, short descriptive text beneath, and a small logo at top-right, keeping the furniture set unobstructed.","3","yes"
"5371.png","Create a minimalist footwear poster with a title at the top-center, supporting text in the lower-center, an offer panel at bottom-left, and a logo at bottom-right.","1","yes"
"5007.png","Create a stylish menswear poster with a large title at top-center, a short text line beneath, and a logo at top-left, keeping the shirt unobstructed.","2","yes"
"1901.png","Create a practical hardware-product poster with a bold title in the upper dark panel, short usage text beneath, and small warning icons at top-right, keeping the hook rail unobstructed.","3","yes"
"4748.png","Create a premium watch poster with a strong title at the top-center, a short waterproof message in the lower half, and a logo at top-right.","1","yes"
"9636.png","Create a refreshing beverage poster with a bold title at the top-center, a supporting line below, a logo at top-left, and a promotional badge at top-right.","1","yes"
"6468.png","Create a bold red-and-yellow supplement poster with a large title at top-right, short benefit text beneath, and a small icon decoration at bottom-right, keeping the bottles unobstructed.","3","yes"
"6246.png","Create a comfortable driving-accessory poster with a title at top-left, a compact benefits panel beneath it, and a small logo at top-right.","1","yes"
"5815.png","Create a modern furniture poster with a bold title at top-left, three short feature texts across the upper-right, and a logo at top-right, leaving the table clear.","2","yes"
"8966.png","Create a practical home-organization poster with a bold title at top-right, short feature text beneath, and a small logo at top-left, keeping the shoe boxes unobstructed.","3","yes"
"2209.png","Create a premium dark-blue industrial poster with a bold title at top-center, a short description beneath, and a small logo at bottom-left, keeping the foam rolls unobstructed.","3","yes"
"5016.png","Create a modern study-furniture poster with a bold title at top-left, supporting text beneath, and a small logo at top-right, leaving the desk and chair clear.","2","yes"
"5881.png","Create a sleek automotive tech poster with a bold title banner at top-left, short feature text beneath, and a small icon decoration at bottom-right, keeping the display screen unobstructed.","3","yes"
"8403.png","Create a playful children’s bicycle poster with a title at top-center, two icon-and-text features near the upper corners, and a logo at top-left.","2","yes"
"7972.png","Create a luxurious blue-toned skincare poster with a refined title at top-right, benefit text beneath, and a small logo at top-left, keeping the product bottle unobstructed.","3","yes"
"8964.png","Create a clean vacuum advertisement with a bold title at the top-center, two icon-and-text features in the upper half, and a logo at bottom-right.","1","yes"
"6662.png","Create a warm pastel infant-formula poster with a bold title in the lower-center, supporting text beneath, and a badge icon at bottom-left, keeping the can unobstructed.","3","yes"
"906.png","Create a clean lingerie poster with a minimal title at top-right, short descriptive text beneath, and a small logo at top-left, keeping the bra unobstructed.","3","yes"
"9628.png","Create a premium tea poster with a refined title at top-center, heritage text beneath, a logo at top-left, and a decorative icon at top-right.","1","yes"
"4735.png","Create an audio-system poster with a large title at the top-center, two feature text blocks across the upper half, and a logo at top-left.","1","yes"
"6003.png","Create a professional fashion poster with a slim title panel along the left edge and a logo at top-right, keeping the model’s face and outfit completely unobstructed.","1","yes"
"3347.png","Create a delicate lingerie poster with an elegant title at top-center, two feature text blocks near the upper corners, and a small logo at bottom-right.","1","yes"
"8805.png","Create an elegant wellness poster with a large title at top-center, short promotional text beneath, and a logo at top-left, keeping all product boxes visible.","2","yes"
"984.png","Create a casual menswear poster with a bold title at top-left, supporting text beneath, and a small logo at bottom-left, leaving the model and cargo shorts clear.","2","yes"
"6314.png","Create a refreshing beverage poster with a strong title on a translucent underlay at top-left, supporting text beneath, and a logo at top-right.","1","yes"
"5585.png","Create a vibrant food poster with a bold title at the top-center, a translucent text underlay beneath it, and a small logo at bottom-right.","1","yes"
"9530.png","Create a skincare poster with a bold title on the lower-right red panel, two short benefit lines underneath, and a small logo at top-right.","1","yes"
"5966.png","Create a natural hair-care poster with a large title at the top-center, supporting text at upper-left, and a small logo at upper-right.","1","yes"
"9552.png","Create a dramatic dark-toned fitness apparel poster with a bold title at top-center, short tagline beneath, and a small logo at bottom-right, keeping the athlete unobstructed.","3","yes"
"9353.png","Create a dental-care poster with a bold title at top-left, three benefit text lines along the left side, and a small logo at top-right.","1","yes"
"6386.png","Create a dynamic footwear poster with a large title at top-center, feature text at bottom-left, a price panel at bottom-right, and a logo at top-left.","1","yes"
"3047.png","Create a modern appliance poster with a bold title at the top-center, benefit text at upper-left, a feature icon at upper-right, and a logo at bottom-right.","1","yes"
"8130.png","Create an adventurous automotive poster with a bold title at top-center, supporting text beneath, a small decoration, and a logo at top-left.","2","yes"
"2335.png","Create a chic fashion poster with a minimal title at top-right, short descriptive text beneath, and a small logo at top-left, keeping the model unobstructed.","3","yes"
"8591.png","Create an elegant beauty poster with a vertical text panel along the left side, a short tagline in the lower half, and a logo at bottom-right.","1","yes"
"1443.png","Create a children’s furniture poster with a playful title at the top-center, two feature text blocks near the upper corners, and a small logo at top-right.","1","yes"
"7508.png","Create a luxury eyewear poster with a bold title in the lower-center, supporting text beneath, a feature icon at lower-left, and a logo at bottom-right.","1","yes"
"5991.png","Create a stylish lip-color poster with a large title at the top-center, a short promotional text beneath it, and a logo at top-left.","1","yes"
"7203.png","Create a premium skincare poster with a refined title at top-left, benefit text at upper-right, and a small logo at top-center, leaving the products clear.","2","yes"
"9918.png","Create a personal-care poster with a bold title on a slim left-side panel, supporting text below, and a small logo at bottom-right.","1","yes"
"7604.png","Create a creative studio poster with a minimal title overlay at top-center, supporting text beneath, and a small logo at top-left, keeping the desk scene unobstructed.","3","yes"
"6884.png","Create a fresh dairy poster with a large title in the lower half, two short text lines beneath, and a logo at bottom-right.","2","yes"
"5042.png","Create a premium beverage poster with an elegant title at top-center, short story text at upper-left, a decorative icon, and a logo at upper-right.","1","yes"
"5511.png","Create an energetic purple sportswear poster with a bold title at top-left, short slogan text beneath, and a small logo underlay in the center, keeping the jerseys unobstructed.","3","yes"
"2444.png","Create a soft romantic handbag poster with a minimal title at top-right, short descriptive text beneath, and a small logo at top-left, keeping the bag and model unobstructed.","3","yes"
