poster_path,text_prompt,target_class,target_delta
1005.png,Create a poster layout with 1 Text.,1,1
1010.png,"Create a poster layout with 5 Text, 1 Logo, 1 Underlay.",1,1
1013.png,"Create a poster layout with 4 Text, 1 Logo, 2 Underlay.",1,1
1018.png,"Create a poster layout with 3 Text, 2 Underlay.",1,1
1026.png,"Create a poster layout with 3 Text, 2 Logo, 2 Underlay.",1,1
1027.png,"Create a poster layout with 3 Text, 1 Logo, 1 Underlay.",1,1
1028.png,"Create a poster layout with 3 Text, 1 Logo, 2 Underlay.",1,1
1030.png,Create a poster layout with 3 Text.,1,1
1034.png,"Create a poster layout with 2 Text, 1 Underlay.",1,1
1037.png,"Create a poster layout with 4 Text, 1 Underlay.",1,1
1039.png,Create a poster layout with 2 Text.,1,1
1106.png,"Create a poster layout with 2 Text, 1 Underlay.",1,1
1108.png,"Create a poster layout with 2 Text, 1 Logo, 1 Underlay.",1,1
1111.png,"Create a poster layout with 6 Text, 1 Underlay.",1,1
1119.png,"Create a poster layout with 3 Text, 1 Logo.",1,1
112.png,"Create a poster layout with 3 Text, 1 Underlay.",1,1
1125.png,"Create a poster layout with 4 Text, 1 Logo, 2 Underlay.",1,1
1129.png,"Create a poster layout with 4 Text, 1 Logo, 2 Underlay.",1,1
1130.png,"Create a poster layout with 3 Text, 1 Underlay.",1,1
1134.png,"Create a poster layout with 2 Text, 1 Logo, 1 Underlay.",1,1
1139.png,"Create a poster layout with 1 Text, 1 Underlay.",1,1
1150.png,"Create a poster layout with 2 Text, 1 Logo.",1,1
1163.png,"Create a poster layout with 3 Text, 1 Logo, 1 Underlay.",1,1
1171.png,"Create a poster layout with 4 Text, 1 Logo, 2 Underlay.",1,1
1177.png,"Create a poster layout with 2 Text, 1 Logo.",1,1
1201.png,"Create a poster layout with 4 Text, 2 Underlay.",1,1
1210.png,"Create a poster layout with 3 Text, 1 Logo, 1 Underlay.",1,1
1218.png,"Create a poster layout with 2 Text, 1 Logo, 1 Underlay.",1,1
1222.png,"Create a poster layout with 4 Text, 1 Logo, 1 Underlay.",1,1
1228.png,"Create a poster layout with 2 Text, 1 Underlay.",1,1
1231.png,"Create a poster layout with 2 Text, 2 Underlay.",1,1
1245.png,"Create a poster layout with 3 Text, 1 Logo, 1 Underlay.",1,1
1246.png,"Create a poster layout with 2 Text, 1 Logo.",1,1
125.png,"Create a poster layout with 2 Text, 1 Underlay.",1,1
1267.png,"Create a poster layout with 3 Text, 1 Logo, 1 Underlay.",1,1
1289.png,"Create a poster layout with 2 Text, 1 Logo, 1 Underlay.",1,1
1293.png,"Create a poster layout with 2 Text, 1 Underlay.",1,1
1300.png,"Create a poster layout with 1 Text, 1 Logo.",1,1
1308.png,"Create a poster layout with 3 Text, 1 Underlay.",1,1
1332.png,"Create a poster layout with 3 Text, 1 Logo, 1 Underlay.",1,1
134.png,"Create a poster layout with 2 Text, 1 Underlay.",1,1
1344.png,"Create a poster layout with 2 Text, 2 Logo.",1,1
1351.png,"Create a poster layout with 1 Text, 1 Logo, 1 Underlay.",1,1
1367.png,"Create a poster layout with 3 Text, 1 Logo, 1 Underlay.",1,1
1383.png,"Create a poster layout with 3 Text, 1 Logo, 1 Underlay.",1,1
1405.png,"Create a poster layout with 2 Text, 1 Underlay.",1,1
141.png,"Create a poster layout with 3 Text, 1 Logo, 1 Underlay.",1,1
1417.png,"Create a poster layout with 2 Text, 2 Underlay.",1,1
144.png,"Create a poster layout with 3 Text, 1 Logo, 1 Underlay.",1,1
1441.png,"Create a poster layout with 4 Text, 2 Underlay.",1,1
1443.png,"Create a poster layout with 2 Text, 1 Logo, 1 Underlay.",1,1
1447.png,"Create a poster layout with 1 Text, 1 Logo.",1,1
1469.png,"Create a poster layout with 4 Text, 1 Logo, 2 Underlay.",1,1
1470.png,"Create a poster layout with 3 Text, 1 Underlay.",1,1
1477.png,"Create a poster layout with 1 Text, 1 Logo, 1 Underlay.",1,1
1481.png,"Create a poster layout with 3 Text, 2 Underlay.",1,1
149.png,"Create a poster layout with 2 Text, 1 Underlay.",1,1
1499.png,"Create a poster layout with 2 Text, 1 Logo, 2 Underlay.",1,1
1504.png,"Create a poster layout with 3 Text, 1 Underlay.",1,1
1510.png,"Create a poster layout with 3 Text, 1 Logo, 1 Underlay.",1,1
1517.png,"Create a poster layout with 2 Text, 1 Underlay.",1,1
1519.png,"Create a poster layout with 3 Text, 1 Logo, 1 Underlay.",1,1
1522.png,"Create a poster layout with 1 Text, 1 Logo, 1 Underlay.",1,1
1524.png,"Create a poster layout with 2 Text, 1 Underlay.",1,1
154.png,"Create a poster layout with 3 Text, 2 Underlay.",1,1
1540.png,"Create a poster layout with 2 Text, 1 Logo, 1 Underlay.",1,1
1560.png,"Create a poster layout with 4 Text, 1 Logo, 1 Underlay.",1,1
1568.png,Create a poster layout with 1 Text.,1,1
1574.png,"Create a poster layout with 4 Text, 1 Logo, 1 Underlay.",1,1
1589.png,"Create a poster layout with 3 Text, 1 Logo, 1 Underlay.",1,1
1600.png,"Create a poster layout with 2 Text, 1 Logo.",1,1
1617.png,"Create a poster layout with 2 Text, 1 Underlay.",1,1
1627.png,"Create a poster layout with 3 Text, 1 Logo, 1 Underlay.",1,1
166.png,"Create a poster layout with 4 Text, 2 Underlay.",1,1
17.png,Create a poster layout with 3 Text.,1,1
1703.png,"Create a poster layout with 5 Text, 1 Logo, 2 Underlay.",1,1
1706.png,Create a poster layout with 2 Text.,1,1
1724.png,"Create a poster layout with 3 Text, 1 Underlay.",1,1
1757.png,"Create a poster layout with 3 Text, 1 Underlay.",1,1
1761.png,"Create a poster layout with 3 Text, 1 Logo, 1 Underlay.",1,1
1763.png,"Create a poster layout with 3 Text, 1 Logo.",1,1
1765.png,"Create a poster layout with 1 Text, 1 Logo.",1,1
1800.png,"Create a poster layout with 2 Text, 2 Underlay.",1,1
1802.png,"Create a poster layout with 2 Text, 1 Logo, 1 Underlay.",1,1
1805.png,"Create a poster layout with 3 Text, 2 Underlay.",1,1
181.png,"Create a poster layout with 3 Text, 1 Logo, 2 Underlay.",1,1
1814.png,"Create a poster layout with 3 Text, 1 Logo.",1,1
1830.png,"Create a poster layout with 3 Text, 1 Underlay.",1,1
1851.png,"Create a poster layout with 2 Text, 1 Logo, 2 Underlay.",1,1
1884.png,"Create a poster layout with 3 Text, 1 Logo, 1 Underlay.",1,1
1891.png,"Create a poster layout with 3 Text, 2 Underlay.",1,1
190.png,"Create a poster layout with 3 Text, 1 Logo, 1 Underlay.",1,1
1901.png,"Create a poster layout with 4 Text, 2 Underlay.",1,1
1939.png,"Create a poster layout with 2 Text, 1 Logo.",1,1
1969.png,"Create a poster layout with 4 Text, 1 Underlay.",1,1
1970.png,"Create a poster layout with 2 Text, 1 Underlay.",1,1
1971.png,"Create a poster layout with 3 Text, 1 Underlay.",1,1
1982.png,"Create a poster layout with 2 Text, 1 Underlay.",1,1
1985.png,"Create a poster layout with 3 Text, 2 Underlay.",1,1
1987.png,Create a poster layout with 1 Text.,1,1
