poster_path,text_prompt,author_id,independent_of_ground_truth,free_form_prompt
2214.png,"A layout with 1 Logo at bottom-left, 3 Texts with 1 at top-center and 2 at middle-center.",1,yes,"Create a poster with large title text at top-center, two text boxes at middle-center, and a small logo at bottom-left."
3936.png,"A layout with 1 Logo at bottom-right, 2 Texts with 1 at top-center and 1 at bottom-center.",1,yes,"Create a festive workspace poster with bold title text at top-center, supporting text at bottom-center, and a small logo at bottom-right."
5856.png,"A layout with 1 Logo at top-right, 2 Texts with 1 at top-center and 1 at bottom-center, 1 Underlay at bottom-left.",1,yes,"Create a bold streetwear poster with title text at top-center, promotional text at bottom-center, price text on a panel at bottom-left, and a logo at top-right."
9778.png,"A layout with 1 Logo at top-right, 2 Texts with 1 at top-left and 1 at middle-left.",3,yes,"Create a light airy sneaker poster with bold title text at top-left, short caption text at middle-left, and a small logo at top-right, keeping the shoe unobstructed."
5917.png,"A layout with 1 Logo at top-right, 2 Texts with 1 at top-left and 1 at middle-left.",3,yes,"Create a lifestyle apparel poster with bold title text at top-left, short caption text at middle-left, and a small logo at top-right, keeping the model unobstructed."
7057.png,"A layout with 1 Logo at top-left, 2 Texts with 1 at top-right and 1 at middle-right.",3,yes,"Create a clean fashion poster with minimal title text at top-right, short descriptive text at middle-right, and a small brand mark at top-left, keeping the blazer unobstructed."
8913.png,"A layout with 1 Logo at top-left, 3 Texts with 2 at middle-center and 1 at top-center.",2,yes,"Create an elegant accessories poster with refined title text at top-center, two short text lines at middle-center, and a logo at top-left, keeping the belt unobstructed."
9784.png,"A layout with 1 Logo at top-right, 3 Texts with 1 at top-center and 1 at top-left and 1 at top-right.",1,yes,"Create a dental-care promotion with large title text at top-center, two benefit text boxes at top-left and top-right, and a logo at top-right."
2017.png,"A layout with 4 Logos with 1 at top-left, 4 Texts with 2 at top-center and 1 at top-left and 1 at top-right.",1,yes,"Create a modern storage poster with large title text at top-center, three icon-and-text features at top-left, top-center, and top-right, and a logo at top-left."
9136.png,"A layout with 1 Logo at top-left, 2 Texts with 1 at top-center and 1 at middle-center.",2,yes,"Create a luxury footwear poster with large title text at top-center, supporting text at middle-center, and a small logo at top-left, leaving both shoes fully visible."
3043.png,"A layout with 1 Logo at top-left, 2 Texts with 1 at top-center and 1 at middle-center.",3,yes,"Create a clean apparel poster with bold title text at top-center, short feature text at middle-center, and a small brand logo at top-left, keeping the polo shirt unobstructed."
921.png,"A layout with 1 Logo at top-left, 3 Texts with 2 at middle-right and 1 at top-right.",1,yes,"Create a comfortable bedding poster with bold title text at top-right, two short benefit text blocks at middle-right, and a small logo at top-left."
6672.png,"A layout with 1 Logo at bottom-left, 1 Text at top-right, 3 Underlays with 1 at top-left and 1 at middle-center and 1 at bottom-right.",3,yes,"Create a playful pink-themed children's dancewear poster with title text at top-right, circle underlays at top-left, middle-center, and bottom-right, and a small logo at bottom-left, keeping the model unobstructed."
6875.png,"A layout with 1 Logo at top-left, 2 Texts with 1 at top-right and 1 at middle-right.",3,yes,"Create a cheerful pink children's sleepwear poster with title text at top-right, short text at middle-right, and a small logo at top-left, keeping the garments unobstructed."
627.png,"A layout with 1 Logo at top-right, 2 Texts with 1 at top-left and 1 at middle-left.",2,yes,"Create a modern activewear poster with bold title text at top-left, feature text at middle-left, and a logo at top-right, keeping the shorts and model unobstructed."
4978.png,"A layout with 1 Logo at bottom-right, 2 Texts with 1 at middle-center and 1 at bottom-center.",2,yes,"Create a delicate lingerie poster with elegant title text at middle-center, supporting text at bottom-center, and a small logo at bottom-right, avoiding both garments."
8257.png,"A layout with 1 Logo at bottom-right, 2 Texts with 1 at top-center and 1 at middle-center.",3,yes,"Create a clean backpack poster with bold title text at top-center, short feature text at middle-center, and a logo at bottom-right, leaving both backpacks unobstructed."
6370.png,"A layout with 1 Logo at top-left, 2 Texts with 1 at top-right and 1 at middle-right.",2,yes,"Create a warm furniture poster with bold title text at top-right, supporting text at middle-right, and a small logo at top-left, keeping the sofa unobstructed."
6171.png,"A layout with 1 Logo at top-left, 2 Texts with 1 at top-right and 1 at middle-right.",3,yes,"Create a cute baby-accessories poster with title text at top-right, short text at middle-right, and a small logo at top-left, keeping the child and hat unobstructed."
8790.png,"A layout with 1 Logo at bottom-left, 2 Texts with 1 at top-left and 1 at middle-left.",3,yes,"Create a rustic restaurant-branded packaging poster with title text at top-left, short descriptive text at middle-left, and a plant icon at bottom-left, keeping the boxes unobstructed."
7713.png,"A layout with 1 Logo at top-left, 2 Texts with 1 at top-right and 1 at middle-right.",3,yes,"Create a warm nursery-organization poster with bold title text at top-right, short feature text at middle-right, and a small logo at top-left, keeping the storage cart unobstructed."
822.png,"A layout with 1 Logo at top-center, 2 Texts with 1 at top-left and 1 at top-right.",2,yes,"Create a minimalist skincare poster with bold title text at top-left, short benefit text at top-right, and a logo at top-center, leaving the bottle completely clear."
814.png,"A layout with 1 Logo at top-left, 3 Texts with 2 at middle-center and 1 at top-center.",1,yes,"Create a premium body-spray poster with large title text at top-center, two benefit text lines at middle-center, a feature icon, and a logo at top-left."
5723.png,"A layout with 1 Logo at bottom-left, 2 Texts with 1 at top-center and 1 at middle-center.",3,yes,"Create a vibrant orange sportswear poster with bold title text at top-center, short feature text at middle-center, and a small logo at bottom-left, keeping the pants unobstructed."
7987.png,"A layout with 1 Logo at top-left, 2 Texts with 1 at top-center and 1 at bottom-center.",3,yes,"Create an elegant dark-green home-decor poster with title text at top-center, short caption text at bottom-center, and a small logo at top-left, keeping the lamps unobstructed."
8183.png,"A layout with 2 Logos with 1 at top-left and 1 at top-right, 2 Texts with 1 at top-center and 1 at middle-center.",2,yes,"Create a flavorful food poster with bold title text at top-center, supporting text at middle-center, an icon at top-right, and a small logo at top-left."
6475.png,"A layout with 1 Logo at top-right, 2 Texts with 1 at top-center and 1 at middle-center.",2,yes,"Create a gourmet food poster with large title text at top-center, supporting text at middle-center, and a small logo at top-right, keeping the dish and ingredient bowl unobstructed."
5137.png,"A layout with 1 Logo at top-right, 2 Texts with 1 at top-left and 1 at bottom-left.",1,yes,"Create a minimalist clothing poster with refined title text at top-left, supporting text at bottom-left, and a small logo at top-right."
3190.png,"A layout with 1 Logo at top-right, 1 Text at middle-center, 1 Underlay at top-center.",3,yes,"Create a rugged outdoor tool poster with bold title text in a white panel at top-center, short feature text at middle-center, and a small logo at top-right, keeping the knife unobstructed."
1013.png,"A layout with 1 Logo at bottom-left, 2 Texts at bottom-center.",2,yes,"Create a clean dermatology poster with large title text at bottom-center, short benefit text at bottom-center, and a small logo at bottom-left, leaving both products unobstructed."
683.png,"A layout with 1 Logo at top-left, 2 Texts with 1 at top-center and 1 at middle-center.",2,yes,"Create a family dental-care poster with bold title text at top-center, supporting text at middle-center, three small feature icons, and a logo at top-left."
1800.png,"A layout with 1 Logo at bottom-right, 3 Texts with 1 at middle-right and 1 at bottom-right and 1 at top-right.",2,yes,"Create an elegant lingerie poster with title text at top-right, two benefit text boxes at middle-right and bottom-right, and a logo at bottom-right, leaving the garment fully visible."
2123.png,"A layout with 1 Logo at bottom-right, 1 Text at bottom-left.",2,yes,"Create a refined beauty poster with a translucent text panel and short caption text at bottom-left, plus a logo at bottom-right, keeping the face and product unobstructed."
3582.png,"A layout with 1 Logo at bottom-right, 2 Texts with 1 at top-left and 1 at middle-left.",1,yes,"Create an elegant fashion poster with bold title text at top-left, short descriptive text at middle-left, an icon, and a small logo at bottom-right."
8585.png,"A layout with 1 Logo at top-left, 2 Texts with 1 at top-center and 1 at middle-center.",2,yes,"Create a playful product poster with large title text at top-center, short promotional text at middle-center, and a small logo at top-left, keeping both packages completely unobstructed."
1990.png,"A layout with 1 Logo at top-center, 3 Texts with 1 at top-left and 2 at top-right.",2,yes,"Create a soft skincare poster with title text at top-left, two benefit text lines at top-right, and a small logo at top-center, keeping the jar and hand clear."
5243.png,"A layout with 1 Logo at bottom-right, 3 Texts at bottom-center.",2,yes,"Create a vibrant audio poster with bold title text at bottom-center, two short feature text blocks at bottom-center, and a small logo at bottom-right."
1106.png,"A layout with 1 Logo at top-right, 2 Texts with 1 at top-left and 1 at middle-left.",3,yes,"Create a soft floral cleaning-product poster with title text at top-left, feature text at middle-left, and a small logo at top-right, keeping the spray bottles unobstructed."
8575.png,"A layout with 1 Logo at bottom-right, 3 Texts with 2 at bottom-center and 1 at bottom-left.",2,yes,"Create a fashion textile poster with bold title text at bottom-left, two short text boxes at bottom-center, and a logo at bottom-right, preserving the fabric details."
9182.png,"A layout with 1 Logo at bottom-right, 3 Texts with 1 at top-left and 1 at top-right and 1 at top-center.",1,yes,"Create an outdoor mobility poster with large title text at top-center, two short text boxes at top-left and top-right, and a small logo at bottom-right."
7313.png,"A layout with 1 Logo at top-right, 4 Texts with 3 at middle-left and 1 at top-left.",1,yes,"Create a modern mobility poster with bold title text at top-left, three short feature text blocks at middle-left, and a logo at top-right."
9787.png,"A layout with 1 Logo at top-right, 2 Texts with 1 at top-left and 1 at middle-left.",3,yes,"Create a clean healthcare-product poster with title text at top-left, short benefit text at middle-left, and a small brand logo at top-right, keeping the monitor unobstructed."
7263.png,"A layout with 1 Logo at top-right, 1 Text at top-left, 1 Underlay at top-center.",2,yes,"Create a premium appliance poster with title text in a white panel at top-center, supporting text at top-left, and a logo at top-right, avoiding the central appliance."
3888.png,"A layout with 1 Logo at top-center, 2 Texts with 1 at middle-right and 1 at bottom-right.",2,yes,"Create a wellness poster with bold title text at middle-right, supporting text at bottom-right, and a small logo at top-center, keeping the woman’s face and body unobstructed."
2937.png,"A layout with 1 Logo at bottom-right, 2 Texts with 1 at top-left and 1 at middle-left.",3,yes,"Create a rugged outdoor backpack poster with bold title text at top-left, short feature text at middle-left, and a small logo at bottom-right, keeping the rider and bag unobstructed."
473.png,"A layout with 1 Logo at bottom-left, 2 Texts with 1 at top-left and 1 at top-right.",2,yes,"Create a soft lingerie poster with title text at top-left, brief promotional text at top-right, and a small logo at bottom-left, leaving both products fully visible."
3297.png,"A layout with 1 Logo at top-right, 2 Texts with 1 at top-left and 1 at middle-left.",3,yes,"Create a warm wooden furniture poster with minimal title text at top-left, short descriptive text at middle-left, and a small logo at top-right, keeping the tea cabinet unobstructed."
4237.png,"A layout with 1 Logo at top-center, 3 Texts with 1 at top-left and 2 at top-right.",2,yes,"Create a skincare poster with bold title text at top-left, two short benefit text blocks at top-right, and a small logo at top-center, leaving the hands and product clear."
9558.png,"A layout with 1 Logo at top-right, 2 Texts with 1 at top-left and 1 at middle-left.",3,yes,"Create a fresh blue-sky laundry-detergent poster with bold title text at top-left, feature text at middle-left, and a small logo at top-right, keeping the bottles unobstructed."
4320.png,"A layout with 1 Logo at bottom-left, 1 Text at middle-left.",2,yes,"Create a practical home-living poster with a slim text panel at middle-left and a logo at bottom-left, keeping the woman’s face and body clear."
8488.png,"A layout with 1 Logo at top-left, 2 Texts with 1 at top-right and 1 at middle-right.",3,yes,"Create an elegant handbag poster with refined title text at top-right, short descriptive text at middle-right, and a small logo at top-left, keeping the model and bag unobstructed."
4437.png,"A layout with 1 Logo at top-right, 2 Texts with 1 at top-center and 1 at middle-center.",2,yes,"Create a premium television poster with large title text at top-center, supporting text at middle-center, and a small logo at top-right, leaving the screen unobstructed."
791.png,"A layout with 1 Logo at top-right, 1 Underlay at top-center.",2,yes,"Create a healthcare recruitment poster with a slim panel at top-center containing title text and a small logo at top-right, keeping every face completely visible."
5922.png,"A layout with 1 Logo at bottom-right, 2 Texts with 1 at top-center and 1 at middle-center.",3,yes,"Create a bold dark supplement poster with large title text at top-center, short benefit text at middle-center, and a small icon at bottom-right, keeping the bottles unobstructed."
6974.png,"A layout with 1 Logo at top-center, 2 Texts with 1 at top-left and 1 at top-right.",2,yes,"Create a luxury handbag poster with bold title text at top-left, supporting text at top-right, and a small logo at top-center, keeping both bags unobstructed."
1757.png,"A layout with 1 Logo at top-left, 2 Texts with 1 at top-center and 1 at middle-center.",3,yes,"Create a practical kitchen-knife poster with bold title text at top-center, short feature text at middle-center, and a small logo at top-left, keeping the cleaver and meat unobstructed."
7663.png,"A layout with 1 Logo at top-left, 2 Texts with 1 at top-center and 1 at middle-center.",2,yes,"Create a premium wine poster with elegant title text at top-center, supporting text at middle-center, and a small logo at top-left, keeping every bottle and the wooden case unobstructed."
4169.png,"A layout with 1 Logo at bottom-right, 2 Texts with 1 at top-left and 1 at middle-left.",3,yes,"Create a modern appliance poster with bold title text at top-left, feature text at middle-left, and a logo at bottom-right, keeping the refrigerator unobstructed."
190.png,"A layout with 1 Logo at top-right, 2 Texts with 1 at top-left and 1 at middle-left.",3,yes,"Create a modern home-appliance poster with bold title text at top-left, short feature text at middle-left, and a small logo at top-right, keeping the vacuum unobstructed."
6279.png,"A layout with 1 Logo at top-right, 1 Text at bottom-left, 1 Underlay at middle-left.",1,yes,"Create a refined fashion poster with a slim panel at middle-left containing title text, supporting text at bottom-left, and a small logo at top-right."
6114.png,"A layout with 1 Logo at bottom-right, 2 Texts with 1 at top-left and 1 at middle-left, 1 Underlay at top-right.",1,yes,"Create a warm bakery poster with bold title text at top-left, short descriptive text at middle-left, price text on a small panel at top-right, and a logo at bottom-right."
3663.png,"A layout with 1 Logo at top-right, 3 Texts with 2 at top-left and 1 at top-center.",1,yes,"Create a modern water-dispenser poster with bold title text at top-center, two benefit text lines at top-left, and a small logo at top-right."
9694.png,"A layout with 2 Logos with 1 at top-left, 2 Texts with 1 at top-center and 1 at middle-center.",2,yes,"Create an elegant floral poster with graceful title text at top-center, short greeting text at middle-center, an icon, and a logo at top-left."
5325.png,"A layout with 2 Logos with 1 at top-right, 2 Texts with 1 at top-left and 1 at middle-left.",1,yes,"Create a traditional liquor poster with elegant title text at top-left, supporting text at middle-left, an icon, and a logo at top-right."
2431.png,"A layout with 1 Logo at top-right, 1 Text at top-left, 3 Underlays at middle-center.",1,yes,"Create a baby-nutrition poster with bold title text at top-left, three benefit text boxes in a panel at middle-center, and a logo at top-right."
9075.png,"A layout with 1 Logo at bottom-left, 4 Texts with 3 at middle-left and 1 at top-left.",2,yes,"Create a refreshing hair-care poster with bold title text at top-left, three benefit text boxes at middle-left, and a logo at bottom-left."
7036.png,"A layout with 1 Logo at top-right, 2 Texts with 1 at top-left and 1 at middle-left.",1,yes,"Create a traditional tea poster with elegant title text at top-left, short story text at middle-left, and a small logo at top-right."
7505.png,A layout with 2 Texts with 1 at top-left and 1 at bottom-center.,3,yes,"Create an elegant new-Chinese-style furniture poster with vertical title text at top-left, quotation-mark underlays, and supporting text at bottom-center, keeping the tea table unobstructed."
7591.png,"A layout with 1 Logo at bottom-left, 2 Texts with 1 at top-center and 1 at middle-center.",3,yes,"Create a minimalist smartphone poster with bold title text at top-center, short caption text at middle-center, and a small brand logo at bottom-left, keeping the phone unobstructed."
6409.png,"A layout with 1 Logo at middle-left, 1 Underlay at top-left.",2,yes,"Create a cheerful snack poster with a compact panel at top-left containing bold title text and two benefit text lines, plus a small logo at middle-left."
3821.png,"A layout with 1 Logo at top-right, 2 Texts with 1 at top-center and 1 at top-left.",1,yes,"Create a modern furniture poster with large title text at top-center, short descriptive text at top-left, and a small logo at top-right."
1201.png,"A layout with 1 Logo at top-left, 1 Text at bottom-right, 1 Underlay at bottom-left.",1,yes,"Create a rugged tactical-gear poster with title text on a dark panel at bottom-left, feature text at bottom-right, and a logo at top-left."
8814.png,"A layout with 1 Logo at top-right, 4 Texts with 3 at middle-left and 1 at top-left.",1,yes,"Create a professional technology poster with bold title text at top-left, three short feature text blocks at middle-left, and a small logo at top-right."
7549.png,"A layout with 1 Logo at top-left, 2 Texts with 1 at top-center and 1 at middle-center.",3,yes,"Create a soft golden skincare poster with refined title text at top-center, ingredient text at middle-center, and a small logo at top-left, leaving the cleansing oil bottle unobstructed."
4386.png,"A layout with 1 Logo at bottom-right, 1 Text at bottom-center, 1 Underlay at bottom-center.",2,yes,"Create a luxury accessories poster with elegant title text in a panel at bottom-center, supporting text at bottom-center, and a small logo at bottom-right."
4347.png,"A layout with 1 Logo at top-right, 2 Texts with 1 at top-left and 1 at middle-left.",3,yes,"Create an elegant new-Chinese-style furniture poster with title text at top-left, short descriptive text at middle-left, and a small logo at top-right, keeping the furniture set unobstructed."
5371.png,"A layout with 1 Logo at bottom-right, 2 Texts with 1 at top-center and 1 at bottom-center, 1 Underlay at bottom-left.",1,yes,"Create a minimalist footwear poster with title text at top-center, supporting text at bottom-center, offer text on a panel at bottom-left, and a logo at bottom-right."
5007.png,"A layout with 1 Logo at top-left, 2 Texts with 1 at middle-center and 1 at top-center.",2,yes,"Create a stylish menswear poster with large title text at top-center, a short text line at middle-center, and a logo at top-left, keeping the shirt unobstructed."
1901.png,"A layout with 1 Logo at top-right, 1 Text at middle-center, 1 Underlay at top-center.",3,yes,"Create a practical hardware-product poster with bold title text in a dark panel at top-center, short usage text at middle-center, and small warning icons at top-right, keeping the hook rail unobstructed."
4748.png,"A layout with 1 Logo at top-right, 2 Texts with 1 at top-center and 1 at bottom-center.",1,yes,"Create a premium watch poster with strong title text at top-center, short waterproof caption text at bottom-center, and a logo at top-right."
9636.png,"A layout with 1 Logo at top-left, 2 Texts with 1 at top-center and 1 at middle-center, 1 Underlay at top-right.",1,yes,"Create a refreshing beverage poster with bold title text at top-center, supporting text at middle-center, a logo at top-left, and promotional text on a small panel at top-right."
6468.png,"A layout with 1 Logo at bottom-right, 2 Texts with 1 at top-right and 1 at middle-right.",3,yes,"Create a bold red-and-yellow supplement poster with large title text at top-right, short benefit text at middle-right, and a small icon at bottom-right, keeping the bottles unobstructed."
6246.png,"A layout with 1 Logo at top-right, 1 Text at top-left, 1 Underlay at middle-left.",1,yes,"Create a comfortable driving-accessory poster with title text at top-left, benefit text on a compact panel at middle-left, and a small logo at top-right."
5815.png,"A layout with 1 Logo at top-right, 4 Texts with 3 at top-right and 1 at top-left.",2,yes,"Create a modern furniture poster with bold title text at top-left, three short feature text boxes at top-right, and a logo at top-right, leaving the table clear."
8966.png,"A layout with 1 Logo at top-left, 2 Texts with 1 at top-right and 1 at middle-right.",3,yes,"Create a practical home-organization poster with bold title text at top-right, short feature text at middle-right, and a small logo at top-left, keeping the shoe boxes unobstructed."
2209.png,"A layout with 1 Logo at bottom-left, 2 Texts with 1 at top-center and 1 at middle-center.",3,yes,"Create a premium dark-blue industrial poster with bold title text at top-center, short descriptive text at middle-center, and a small logo at bottom-left, keeping the foam rolls unobstructed."
5016.png,"A layout with 1 Logo at top-right, 2 Texts with 1 at top-left and 1 at middle-left.",2,yes,"Create a modern study-furniture poster with bold title text at top-left, supporting text at middle-left, and a small logo at top-right, leaving the desk and chair clear."
5881.png,"A layout with 1 Logo at bottom-right, 1 Text at middle-left, 1 Underlay at top-left.",3,yes,"Create a sleek automotive tech poster with bold title text on a panel at top-left, short feature text at middle-left, and a small icon at bottom-right, keeping the display screen unobstructed."
8403.png,"A layout with 3 Logos with 1 at top-left, 3 Texts with 1 at top-center and 1 at top-left and 1 at top-right.",2,yes,"Create a playful children’s bicycle poster with title text at top-center, two icon-and-text features at top-left and top-right, and a logo at top-left."
7972.png,"A layout with 1 Logo at top-left, 2 Texts with 1 at top-right and 1 at middle-right.",3,yes,"Create a luxurious blue-toned skincare poster with refined title text at top-right, benefit text at middle-right, and a small logo at top-left, keeping the product bottle unobstructed."
8964.png,"A layout with 3 Logos with 1 at bottom-right, 3 Texts with 1 at top-center and 1 at top-left and 1 at top-right.",1,yes,"Create a clean vacuum advertisement with bold title text at top-center, two icon-and-text features at top-left and top-right, and a logo at bottom-right."
6662.png,"A layout with 1 Logo at bottom-left, 2 Texts at bottom-center.",3,yes,"Create a warm pastel infant-formula poster with bold title text at bottom-center, supporting text at bottom-center, and an icon at bottom-left, keeping the can unobstructed."
906.png,"A layout with 1 Logo at top-left, 2 Texts with 1 at top-right and 1 at middle-right.",3,yes,"Create a clean lingerie poster with minimal title text at top-right, short descriptive text at middle-right, and a small logo at top-left, keeping the bra unobstructed."
9628.png,"A layout with 2 Logos with 1 at top-left and 1 at top-right, 2 Texts with 1 at top-center and 1 at middle-center.",1,yes,"Create a premium tea poster with refined title text at top-center, heritage text at middle-center, a logo at top-left, and an icon at top-right."
4735.png,"A layout with 1 Logo at top-left, 3 Texts with 1 at top-left and 1 at top-right and 1 at top-center.",1,yes,"Create an audio-system poster with large title text at top-center, two feature text boxes at top-left and top-right, and a logo at top-left."
6003.png,"A layout with 1 Logo at top-right, 1 Underlay at middle-left.",1,yes,"Create a professional fashion poster with a slim panel at middle-left containing title text and a logo at top-right, keeping the model’s face and outfit completely unobstructed."
3347.png,"A layout with 1 Logo at bottom-right, 3 Texts with 1 at top-left and 1 at top-right and 1 at top-center.",1,yes,"Create a delicate lingerie poster with elegant title text at top-center, two feature text boxes at top-left and top-right, and a small logo at bottom-right."
8805.png,"A layout with 1 Logo at top-left, 2 Texts with 1 at top-center and 1 at middle-center.",2,yes,"Create an elegant wellness poster with large title text at top-center, short promotional text at middle-center, and a logo at top-left, keeping all product boxes visible."
984.png,"A layout with 1 Logo at bottom-left, 2 Texts with 1 at top-left and 1 at middle-left.",2,yes,"Create a casual menswear poster with bold title text at top-left, supporting text at middle-left, and a small logo at bottom-left, leaving the model and cargo shorts clear."
6314.png,"A layout with 1 Logo at top-right, 1 Text at middle-left, 1 Underlay at top-left.",1,yes,"Create a refreshing beverage poster with strong title text on a translucent underlay at top-left, supporting text at middle-left, and a logo at top-right."
5585.png,"A layout with 1 Logo at bottom-right, 1 Text at top-center, 1 Underlay at middle-center.",1,yes,"Create a vibrant food poster with bold title text at top-center, a translucent text underlay at middle-center, and a small logo at bottom-right."
9530.png,"A layout with 1 Logo at top-right, 2 Texts at bottom-right, 1 Underlay at bottom-right.",1,yes,"Create a skincare poster with bold title text on a red panel at bottom-right, two short benefit text lines at bottom-right, and a small logo at top-right."
5966.png,"A layout with 1 Logo at top-right, 2 Texts with 1 at top-center and 1 at top-left.",1,yes,"Create a natural hair-care poster with large title text at top-center, supporting text at top-left, and a small logo at top-right."
9552.png,"A layout with 1 Logo at bottom-right, 2 Texts with 1 at top-center and 1 at middle-center.",3,yes,"Create a dramatic dark-toned fitness apparel poster with bold title text at top-center, short caption text at middle-center, and a small logo at bottom-right, keeping the athlete unobstructed."
9353.png,"A layout with 1 Logo at top-right, 4 Texts with 1 at top-left and 3 at middle-left.",1,yes,"Create a dental-care poster with bold title text at top-left, three benefit text boxes at middle-left, and a small logo at top-right."
6386.png,"A layout with 1 Logo at top-left, 2 Texts with 1 at top-center and 1 at bottom-left, 1 Underlay at bottom-right.",1,yes,"Create a dynamic footwear poster with large title text at top-center, feature text at bottom-left, price text on a panel at bottom-right, and a logo at top-left."
3047.png,"A layout with 2 Logos with 1 at top-right and 1 at bottom-right, 2 Texts with 1 at top-center and 1 at top-left.",1,yes,"Create a modern appliance poster with bold title text at top-center, benefit text at top-left, a feature icon at top-right, and a logo at bottom-right."
8130.png,"A layout with 1 Logo at top-left, 2 Texts with 1 at top-center and 1 at middle-center.",2,yes,"Create an adventurous automotive poster with bold title text at top-center, supporting text at middle-center, a small icon, and a logo at top-left."
2335.png,"A layout with 1 Logo at top-left, 2 Texts with 1 at top-right and 1 at middle-right.",3,yes,"Create a chic fashion poster with minimal title text at top-right, short descriptive text at middle-right, and a small logo at top-left, keeping the model unobstructed."
8591.png,"A layout with 1 Logo at bottom-right, 2 Texts with 1 at middle-left and 1 at bottom-center.",1,yes,"Create an elegant beauty poster with a vertical text panel at middle-left, short caption text at bottom-center, and a logo at bottom-right."
1443.png,"A layout with 1 Logo at top-right, 3 Texts with 1 at top-left and 1 at top-right and 1 at top-center.",1,yes,"Create a children’s furniture poster with playful title text at top-center, two feature text boxes at top-left and top-right, and a small logo at top-right."
7508.png,"A layout with 2 Logos with 1 at bottom-left and 1 at bottom-right, 2 Texts at bottom-center.",1,yes,"Create a luxury eyewear poster with bold title text at bottom-center, supporting text at bottom-center, a feature icon at bottom-left, and a logo at bottom-right."
5991.png,"A layout with 1 Logo at top-left, 2 Texts with 1 at top-center and 1 at middle-center.",1,yes,"Create a stylish lip-color poster with large title text at top-center, short promotional text at middle-center, and a logo at top-left."
7203.png,"A layout with 1 Logo at top-center, 2 Texts with 1 at top-left and 1 at top-right.",2,yes,"Create a premium skincare poster with refined title text at top-left, benefit text at top-right, and a small logo at top-center, leaving the products clear."
9918.png,"A layout with 1 Logo at bottom-right, 1 Text at bottom-left, 1 Underlay at middle-left.",1,yes,"Create a personal-care poster with bold title text on a slim panel at middle-left, supporting text at bottom-left, and a small logo at bottom-right."
7604.png,"A layout with 1 Logo at top-left, 2 Texts with 1 at top-center and 1 at middle-center.",3,yes,"Create a creative studio poster with minimal title text at top-center, supporting text at middle-center, and a small logo at top-left, keeping the desk scene unobstructed."
6884.png,"A layout with 1 Logo at bottom-right, 3 Texts at bottom-center.",2,yes,"Create a fresh dairy poster with large title text at bottom-center, two short text lines at bottom-center, and a logo at bottom-right."
5042.png,"A layout with 2 Logos with 1 at top-right, 2 Texts with 1 at top-center and 1 at top-left.",1,yes,"Create a premium beverage poster with elegant title text at top-center, short story text at top-left, an icon, and a logo at top-right."
5511.png,"A layout with 2 Texts with 1 at top-left and 1 at middle-left, 1 Underlay at middle-center.",3,yes,"Create an energetic purple sportswear poster with bold title text at top-left, short slogan text at middle-left, and a small logo on an underlay at middle-center, keeping the jerseys unobstructed."
2444.png,"A layout with 1 Logo at top-left, 2 Texts with 1 at top-right and 1 at middle-right.",3,yes,"Create a soft romantic handbag poster with minimal title text at top-right, short descriptive text at middle-right, and a small logo at top-left, keeping the bag and model unobstructed."
